id,smiles,cyp3a4
ID_10190,O=C(CNS(=O)(=O)c1sc(Br)cc1)N1CCC(N2CCCCC2)CC1,0
ID_10191,O=C(CNS(=O)(=O)c1sccc1)N1CCC2(OCCO2)CC1,0
ID_917,O=C(NCCN1CCN(c2ccccc2)CC1)C(C(C)C)NS(=O)(=O)c1sccc1,1
ID_918,O=C(Nc1[n]c(cs1)C(C)(C)C)C(C(C)C)NS(=O)(=O)c1cccs1,1
ID_3665,O=C(CN(C)S(=O)(=O)c1[nH]c[n]c1)N1CCN(c2ccccc2)CC1,1
ID_2977,O=C(Nc1cc(OCC)ccc1OCC)CN(C)S(=O)(=O)c1[nH]c[n]c1,1
ID_3213,CCc1cc(NC(=O)CN(C)S(=O)(=O)c2[nH]c[n]c2)ccc1,1
ID_1019,OC(=O)[C@@H](NC(=O)[C@H](CC(C)C)NP(=O)(O)O[C@@H]1O[C@@H](C)[C@H]([C@H]([C@H]1O)O)O)Cc1c[nH]c2c1cccc2,0
ID_10193,Br/C(=C\c1ccccc1)/C=N/NC(=O)CNc1c2c(ccc1)cccc2,0
ID_2851,CCOc1cc(/C=N/NC(=O)CNc2cc(C)ccc2)ccc1OC(=O)c1ccccc1,0
ID_7864,Cc1ccc(NCC(=O)N\N=C\c2ccc(OC(=O)c3occc3)cc2)cc1,1
ID_2937,CCOc1ccc(N(C(C(=O)N\N=C(\c2cc(NC(=O)c3ccccc3)ccc2)/C)C)S(=O)(=O)C)cc1,0
ID_8753,O=C(N\N=C\c1oc(C)c(c1)Br)CN(c1c(Br)cccc1)S(=O)(=O)C,1
ID_6593,O=C(N\N=C\c1sccc1)CN(c1c(c(Cl)ccc1)Cl)S(=O)(=O)C,1
ID_201,O=C(N/N=C1\C[C@H](CC=C1C)C(=C)C)CNc1c(OC)cccc1,1
ID_7865,O=C(N\N=C/c1oc(N(=O)=O)cc1)CNc1ccc(C)cc1,1
ID_5734,O=C(CN(c1cc(OC)ccc1OC)S(=O)(=O)C)N1CCc2c(C1)cccc2,0
ID_2161,CCN(CC(=O)NC1CCS(=O)(=O)C1)c1c(cc(S(=O)(=O)C)cc1)N(=O)=O,0
ID_6720,O=C(Nc1cc(SC)ccc1)CN(c1ccccc1)S(=O)(=O)N(C)C,0
ID_2164,CCN(CC(=O)Nc1c(OC)cc(N(=O)=O)cc1)c1ccccc1,1
ID_7694,O=C(Nc1c(Oc2ccccc2)ccc(Cl)c1)CN(c1c(C)ccc(c1)C)S(=O)(=O)C,1
ID_7790,O=C(Nc1cc(Cl)ccc1Oc1ccccc1)C(C)N(S(=O)(=O)C)c1ccc(C)cc1,1
ID_726,O=C(Nc1c(Sc2ccccc2)cccc1)C(C)N(S(=O)(=O)C)c1ccccc1,1
ID_10192,O=C(CNc1cc(ccc1)Cl)c1ccc(Cl)cc1,0
ID_2818,CCOCc1c[n]c([n]c1NCC(=O)c1c2c([nH]c1C)cccc2)C,0
ID_5131,O=C(Nc1cc(C(F)(F)F)ccc1)CN(C)c1[n]c([n]o1)c1ccc(OC)cc1,1
ID_7608,O=C(CNc1[n]c2[n](C)c(=O)[nH]c(=O)c2[n]1Cc1ccccc1)c1ccc(C)cc1,1
ID_3171,CCc1ccc(C(=O)COC(=O)C(NC(=O)C2CCC(C)CC2)Cc2ccccc2)cc1,1
ID_4133,COC(=O)C1C(C(=O)OCC(=O)c2ccccc2)C2CC1CC2,0
ID_10196,Clc1c[n]c(NC(=O)COC(=O)C2CCN(S(=O)(=O)c3cc(N(=O)=O)ccc3Cl)CC2)c(c1)Cl,1
ID_7952,Cc1c(NC(=O)COC(=O)CCC(=O)c2sccc2)cc(S(=O)(=O)N2CCOCC2)cc1,1
ID_5635,O=C(Nc1cc(c(cc1)OC)OC)COC(=O)CCCc1c[nH]c2c1cccc2,1
ID_7961,CC(OC(=O)CNS(=O)(=O)c1ccc(C)cc1)C(=O)Nc1[n]cc(cc1Cl)Cl,0
ID_10197,O=C(OCC(=O)Nc1ccc(OC(F)(F)F)cc1)COc1ccccc1,0
ID_8069,O=C(OCC(=O)Nc1sc2cc(ccc2[n]1)C)CSc1[n]c(cc(C)[n]1)C,0
ID_5636,Cc1[n]c2c([n]1CC(=O)OCC(=O)Nc1cc(c(cc1)OC)OC)cccc2,0
ID_7233,Clc1ccc(C(=O)COC(=O)c2c(cc(=O)oc2C)C)cc1,0
ID_5247,COc1ccc(C(=O)COC(=O)c2ccc(NC(=O)c3ccccc3)cc2)cc1,0
ID_5325,COc1ccc(C(=O)Nc2ccc(C(=O)OCC(=O)c3ccccc3)cc2)cc1,0
ID_7406,O=C(Nc1cc(o[n]1)C)COC(=O)c1ccc(NS(=O)(=O)c2cc(c(cc2)C)C)cc1,1
ID_5638,O=C(Nc1cc(c(cc1)OC)OC)COC(=O)c1ccc(OCc2c([n]oc2C)C)cc1,1
ID_6491,COc1c(NC(=O)COC(=O)c2ccc(S(=O)(=O)NCc3occc3)cc2)cccc1,1
ID_7610,O=C(OCC(=O)c1cc(c(C)cc1)C)c1cc2c(cc1)C(=O)N(c1c3c([n]ccc3)ccc1)C2=O,1
ID_2688,CCOC(=O)c1c(c([nH]c1C)C(=O)OCC(=O)NC1CCS(=O)(=O)C1)C,0
ID_10198,O=C(NCc1occc1)COC(=O)c1cc(S(=O)(=O)N2CCN(c3ccccc3)CC2)ccc1,1
ID_6505,Cc1cc(NC(=O)COC(=O)c2cc(S(=O)(=O)Nc3c(OC)cccc3)ccc2)[n]o1,1
ID_9915,Fc1cc(Br)ccc1NC(=O)COC(=O)c1c(N)cccc1,1
ID_2689,O=C(COC(=O)c1ccc(S(=O)(=O)N(CC)CC)cc1)c1c(C(=O)OCC)c([nH]c1C)C,1
ID_1524,CCC(=O)Nc1c(C(=O)OCC(=O)c2ccccc2)cccc1,0
ID_1515,CCC(=O)Nc1ccc(C(=O)OCC(=O)c2cc(c(C)cc2)N(=O)=O)cc1,1
ID_7611,O=C(COC(=O)c1c(N2C(=O)C3C(C2=O)C2CC3CC2)cccc1)c1cc(c(cc1)C)C,1
ID_2686,CCOC(=O)c1c(c([nH]c1C)C(=O)COC(=O)c1c(NC(=O)c2occc2)cccc1)C,1
ID_10199,O=C(NCc1occc1)COC(=O)c1c(Nc2ccc(SC(F)F)cc2)cccc1,1
ID_8237,O=C(NCc1occc1)COC(=O)c1ccccc1Nc1c(c(C)ccc1)C,1
ID_3546,O=C(Nc1ccc(S(=O)(=O)N(C)C)cc1)COC(=O)c1[n]cccc1,0
ID_3016,CCOc1[n]cccc1C(=O)OCC(=O)Nc1cc(C)ccc1C,0
ID_10202,Clc1[n]cccc1C(=O)OCC(=O)c1ccccc1,0
ID_10203,O=C(OCC(=O)NCc1cc2c(cc1)OCO2)c1c(Nc2cc(C(F)(F)F)ccc2)[n]ccc1,1
ID_8070,Brc1oc(C(=O)OCC(=O)Nc2sc3cc(C)ccc3[n]2)cc1,1
ID_7260,O=C1CCCN1CCCNC(=O)COC(=O)c1cc(C)[n]c2c1cccc2,0
ID_2108,O=C(Nc1cc(S(=O)(=O)N2CCOCC2)ccc1)COC(=O)c1c(CC)c(CCC)[n]c2c1cccc2,0
ID_2112,Cc1cc(c2c([n]1)cccc2)C(=O)OC(CC)C(=O)Nc1sc(CCC)[n][n]1,1
ID_10204,O=C(NCc1ccccc1)COC(=O)c1[n]cc[n]c1,0
ID_8402,Clc1ccc(NC(=O)COC(=O)c2[n]cc(C)[n]c2)cc1,0
ID_8727,O=C(NC(c1ccccc1)c1ccccc1)COC(=O)c1c([n]oc1C)C,0
ID_8387,Cc1[n]2[n]c([n]c2[n]cc1)C(=O)OCC(=O)Nc1cc2c(cc1)OC(O2)(F)F,0
ID_4958,O=C(Nc1cc(cc(c1)OC)OC)COC(=O)c1[n]c2[n]c(cc([n]2[n]1)C)C,0
ID_6211,Cc1[n]2[n]c([n]c2[n]cc1)C(=O)OCC(=O)Nc1cc(OC)ccc1,0
ID_10205,O=C(CON1C(=O)c2c(C1=O)cccc2)c1ccccc1,0
ID_9008,O=C(NCc1ccc[n]c1)COc1cc(=O)[n](C)c2c1cccc2,1
ID_2155,CCN(c1cc(Cl)ccc1)C(=O)COc1c2c([n](C)c(=O)c1)cccc2,1
ID_3262,CC[n]1c2c(c(OCC(=O)Nc3ccc[n]c3)cc1=O)cccc2,1
ID_10206,O=C(N\N=C\c1c(Br)cccc1)COc1ccc(c2ccccc2)cc1,1
ID_2129,CC(=O)c1ccc(NC(=O)COc2ccc(c3[n]c4[n](c(=O)[n](c(=O)c4[nH]3)CCC)CCC)cc2)cc1,0
ID_2478,CCOC(=O)C1=C(C)N(CC(C)C)C(=O)\C1=C/c1ccc(OCC(=O)Nc2ccccc2)cc1,0
ID_4862,N#C/C(=C/c1cc(OC)c(OCC(=O)Nc2c(C)cccc2)cc1)/c1[n]c2c([nH]1)cccc2,1
ID_7311,O=C(NCc1occc1)COc1ccc(/C=N/NC(=O)CSCc2cc(cc(c2)C)C)cc1,1
ID_4884,O=C(Nc1ccc(c(c1)C)C)COc1c(OC)cc(\C=N/Nc2ccc(N(=O)=O)cc2)cc1,1
ID_4473,N#CC1=C(N)Oc2c(C1c1cc(OC)c(OCC(=O)Nc3ccc(C(=O)OC)cc3)cc1)ccc1c2cccc1,0
ID_4919,N#CC1=C(N)Oc2c(C1c1cc(OC)c(OCC(=O)Nc3c(C)cccc3)cc1)ccc1c2cccc1,1
ID_5639,O=C(Nc1ccc(OC)cc1)COc1c(cc(CNCCCN2CCOCC2)cc1)OC,0
ID_2862,CCOc1c(c(Br)cc(c1)CNCCCN1CCOCC1)OCC(=O)Nc1cc(C(F)(F)F)ccc1,1
ID_5451,O=C(NCCc1ccc(OC)cc1)COc1c(Cl)cc(S(=O)(=O)NC2CCCCC2)cc1,1
ID_3695,O=C(COc1ccc(S(=O)(=O)N(C)Cc2ccccc2)cc1)N1CCOCC1,0
ID_7872,O=C(Nc1cc(N(=O)=O)ccc1)COc1c(cc(S(=O)(=O)Nc2ccc(C)cc2)cc1)C,1
ID_2718,CCOC(=O)c1c2c(cc(OCC(=O)N\N=C\c3ccc(Cl)cc3)cc2)[n]2ccccc12,0
ID_2087,CCCc1cc(=O)oc2cc(OCC(=O)N3CCc4c3cccc4)ccc12,1
ID_7238,O=C(Nc1sc(CC(C)C)[n][n]1)COc1ccc2c(C)cc(=O)oc2c1,0
ID_2943,CCOc1ccc(N2C(=O)CS\C2=N\NC(=O)COc2cc3c(cc2)cccc3)cc1,1
ID_10217,O=C(c1c[n]ccc1)N1CCN(C(=O)COc2cc3c(cc2)cccc3)CC1,1
ID_10218,O=C(COc1ccc2c(c1)cccc2)N1CCN(CC2CC3CC2C=C3)CC1,1
ID_10220,Brc1c2c(ccc1OCC(=O)NNC(=O)Nc1ccccc1)cccc2,1
ID_10219,O=C(Nc1ccc(Cc2cc[n]cc2)cc1)COc1cc2c(cc1)cccc2,1
ID_3052,CCSc1sc(NC(=O)COc2ccc3c(c2)cccc3)[n][n]1,0
ID_295,C=CCSc1sc(NC(=O)COc2ccc3c(c2)cccc3)[n][n]1,0
ID_8122,O=C(Nc1c(C)cccc1C)COc1cc(/C=N/NC(=O)C(=O)NCc2ccccc2)ccc1,0
ID_10221,Brc1ccc(C(=O)COc2cc(NC(=O)c3cc(N(=O)=O)ccc3)ccc2)cc1,0
ID_10222,O=C(COc1cccc2c1cccc2)N1c2ccccc2CCc2c1cccc2,1
ID_10223,O=C(c1sccc1)NNC(=O)COc1cccc2c1cccc2,1
ID_9441,O=C(O/N=C(\N)/Cc1ccc(N(=O)=O)cc1)COc1c2c(ccc1)cccc2,1
ID_10209,O=C(COc1ccc(Cl)cc1)N(Cc1ccccc1)c1[n]cccc1,1
ID_138,C\C(=N/NC(=O)COc1cccc(c1)C)\CC(=O)Nc1[n]ccc(c1)C,0
ID_10212,O=C(N\N=C\CCc1ccccc1)COc1c(cc(Cl)cc1)Cl,1
ID_1206,O=C(N\N=C\CC(C)c1ccccc1)COc1cc(Cl)ccc1Cl,1
ID_2852,CCOc1cc(/C=N/NC(=O)COc2cc(C)ccc2)ccc1OC(=O)c1sccc1,1
ID_5751,OC[C@H]1O[C@@H](Oc2ccc(/C=N/NC(=O)COc3ccc(OC)cc3)cc2)[C@H](O)[C@H]([C@@H]1O)O,0
ID_5211,COc1ccc(/C=C/C(=O)Oc2cc(/C=N/NC(=O)COc3c(C)cccc3C)ccc2)cc1,0
ID_813,Brc1cc(/C=N/NC(=O)COc2ccc(C(C)(C)C)cc2)c(OC(=O)c2occc2)cc1,0
ID_8255,O=C(N/N=C1\CCOc2c(C)cccc12)COc1ccccc1,1
ID_8256,O=C(N/N=C1\CCOc2c(C)cccc12)COc1c(Cl)cccc1,0
ID_8240,O=C(N/N=C\C=C\c1cc2c(cc1)OCO2)COc1c(C)c(ccc1)C,1
ID_7890,O=C(N\N=C/c1c2c([n](C)c1C)cccc2)COc1c(cc(C)cc1)N(=O)=O,1
ID_7891,O=C(N\N=C/c1occc1)COc1c(cc(C)cc1)C,0
ID_8241,O=C(COc1cc(C)ccc1)N1CCC(N2CCCCCC2)CC1,0
ID_10210,O=C(COc1ccc(Cl)cc1)N1CCN(Cc2cc3c(cc2)OCO3)CC1,1
ID_7892,O=C(COc1ccc(C)cc1)N1CCN(c2cc(c(N(=O)=O)cc2)N2CCOCC2)CC1,1
ID_4496,O=C(COc1c(C(=O)OC)cccc1)N1CCN(c2ccc(OC)cc2)CC1,0
ID_4495,Clc1ccc(N2CCN(C(=O)COc3c(C(=O)OC)cccc3)CC2)cc1,1
ID_8242,O=C(NC(=S)N1CCCc2c1cccc2)COc1cc(C)ccc1,1
ID_8359,O=C(NC(=S)Nc1ccc(S(=O)(=O)NC2CCCCC2)cc1)COc1c(C)cccc1,0
ID_3192,CCc1cc(Br)c(OCC(=O)NC(=S)Nc2ccc(F)cc2)cc1,0
ID_8358,O=C(NC(=S)Nc1[n]c(c(Br)cc1)C)COc1c(C)cccc1,0
ID_7893,O=C(NC1=NCCS1)COc1ccc(C)cc1,0
ID_3359,O=C(COc1cc(Br)ccc1)N(C)C1CCS(=O)(=O)C1,0
ID_1580,CCC(C)NS(=O)(=O)c1ccc(OCC(=O)NCC2OCCC2)cc1,0
ID_10211,O=C(NCCC1=CCCCC1)COc1ccc(Cl)cc1,0
ID_7185,S=c1sc(NC(=O)OCCNC(=O)COc2c(Cl)cccc2Cl)c(C)[n]1C,1
ID_2863,OCCNCc1c(Cl)cc(OCC(=O)NCCc2ccccc2)c(c1)OCC,1
ID_2919,CCOc1ccc(C(NC(=O)COc2ccccc2)CC(=O)O)cc1,0
ID_7375,O=C(NCc1cc[n]cc1)COc1c(C)cc(Cl)cc1,1
ID_3280,CC[n]1c(CNC(=O)COc2ccc(C(C)C)cc2)[n][n]c1SCC(=O)Nc1cc(F)ccc1C,1
ID_10215,O=C(NN=C1CCCC1)COc1ccc(N(=O)=O)cc1,1
ID_6255,O=C(NN=C1c2ccccc2c2ccccc12)COc1cc(OC)ccc1,1
ID_5993,Cc1cc(SCC(=O)NNC(=O)COc2ccccc2)c2cc(OC)ccc2[n]1,1
ID_5992,COc1cc2c(cc1)[n]c(cc2SCC(=O)NNC(=O)COc1ccc(C)cc1)C,1
ID_8243,N#Cc1c[n]c(SCC(=O)NNC(=O)COc2cc(C)ccc2)[n]c1N,1
ID_3194,CCc1ccc(OCC(=O)NNC(=O)CSc2[n]c[n]c3sc(c(c23)C)C)cc1,0
ID_7542,C[n]1c(c2ccc(C)cc2)[n][n]c1SCC(=O)NNC(=O)COc1cc(ccc1)C,1
ID_814,O=C(COc1ccc(C(C)(C)C)cc1)NNC(=O)Cc1sccc1,1
ID_8360,Clc1ccc(NC(=O)NNC(=O)COc2c(C)cccc2)cc1,0
ID_7898,O=C(c1oc2c(c1)cccc2)NNC(=O)COc1cc(c(cc1)C)C,0
ID_7897,Cc1ccc(OCC(=O)NNC(=O)c2oc3c(c2)cccc3)cc1,0
ID_5752,COc1ccc(OCC(=O)NNC(=O)c2ccc(c3ccccc3)cc2)cc1,0
ID_6509,COc1c(OCC(=O)NNC(=O)c2[n]cc[n]c2)cccc1,0
ID_1334,OC(=O)[C@@H]1N2C(=O)[C@@H](NC(=O)COc3ccccc3)[C@H]2SC1(C)C,0
ID_6970,OC(=O)[C@@H]1N2C(=O)[C@@H](NC(=O)[C@H](C)Oc3ccccc3)[C@H]2SC1(C)C,0
ID_3195,CCc1ccc(OCC(=O)Nc2cc(O)c(c3oc4c([n]3)cccc4)cc2)cc1,0
ID_10225,O=C(Nc1ccc(c2oc(c3occc3)[n][n]2)cc1)COc1ccccc1,0
ID_7373,O=C(Nc1ccc(S(=O)(=O)Nc2[n]c3c([n]c2)cccc3)cc1)C(C)Oc1c(C)cc(Cl)cc1,0
ID_3325,CC[n]1c2c(c3cc(NC(=O)C(C)Oc4ccc(OC)cc4)ccc13)cccc2,1
ID_7320,O=C(Nc1ccc2c3c1cccc3CC2)COc1cc(cc(c1)C)C,0
ID_8383,Cc1cc[n]c(NC(=O)c2cc(NC(=O)COc3ccccc3)ccc2)c1,0
ID_1497,CCC(=O)NC(=S)Nc1ccc(NC(=O)COc2c(cc(Cl)cc2)Cl)cc1,1
ID_4935,OCC(NCc1cc(OC)c(OCC(=O)Nc2ccc(Br)cc2)cc1)(C)C,0
ID_2746,CCOC(=O)c1ccc(NC(=O)COc2c(OC)cccc2)cc1,1
ID_4879,NC(=O)N\N=C\c1c(Br)cc(OCC(=O)Nc2c(C)cccc2)c(OC)c1,1
ID_3008,CCOc1c(OCC(=O)Nc2c(cc(Cl)cc2)Cl)cccc1,0
ID_4589,Clc1c(C)c(NC(=O)COc2c(OC)cc(/C=N/NC(=O)C(=O)NCCCOC)cc2)ccc1,0
ID_7900,O=C(Nc1c(c2ccccc2)cccc1)COc1ccc(C)cc1,1
ID_5753,Clc1cc(c(NC(=O)COc2ccc(OC)cc2)cc1)C(=O)c1ccccc1,1
ID_10224,O=C(Nc1cc(C(F)(F)F)ccc1N1CCCC1)COc1ccccc1,1
ID_453,CC(=O)N1CCN(c2c(NC(=O)COc3ccc(Br)cc3)cccc2)CC1,1
ID_7901,O=C(Nc1c(N2CCOCC2)cccc1)COc1c(cc(C)cc1)C,1
ID_10208,O=C(Nc1[n]cc(N(=O)=O)cc1)COc1ccc(Br)cc1,0
ID_7408,O=C(Nc1cc(C)[n][n]1c1ccccc1)COc1c(cc(Cl)cc1)Cl,0
ID_1252,O=C(Nc1sc2c([n]1)CC(CC2=O)(C)C)C(C)Oc1ccccc1,0
ID_7376,O=C(Nc1[n]c([n]c([n]1)N)N)COc1c(C)cc(Cl)cc1,0
ID_7931,O=C(Nc1sc(CCS(=O)(=O)c2ccc(C)cc2)[n][n]1)COc1cc(ccc1)C,1
ID_7902,O=C(N[n]1c[n]c2c1cccc2)COc1ccc(C)cc1,1
ID_9442,O=C(O/N=C(\N)/Cc1sccc1)COc1c(Cl)cc(Br)cc1,1
ID_7603,O=C(C(OC(=O)COc1c(C)cccc1)c1ccccc1)c1ccc(C)cc1,1
ID_8361,O=C(OC1CCN(C)CC1)COc1c(C)cccc1,0
ID_3196,CCc1ccc(OCC(=O)OC2CCS(=O)(=O)C2)cc1,0
ID_3097,CC[C@@H](C(=O)OC1C[C@H]2N(C)[C@@H](C1)CC2)Oc1ccc(Cl)cc1,0
ID_7377,O=C(Oc1c(c(c(Cl)c(c1Cl)Cl)Cl)Cl)COc1c(C)cc(Cl)cc1,0
ID_7903,O=C(COc1cc(c(cc1)C)C)c1c(O)c2c(oc1=O)cccc2,0
ID_679,CC(=O)c1c(c([nH]c1C)C(=O)COc1cc(cc(c1)C)C)C,1
ID_680,N#Cc1ccc(OCC(=O)c2[nH]c(c(c2C)C(=O)C)C)cc1,1
ID_10226,O=C(N\N=C\c1c2c(ccc1)cccc2)COc1c(c2ccccc2)cccc1,0
ID_7899,O=C(Nc1ccc(Cl)cc1)COc1c(cc(C)cc1)[n]1[n]c2ccccc2[n]1,0
ID_10227,O=C(c1c(OCC(=O)N/N=C/c2ccc(c(c2)O)O)cccc1)N/N=C\c1ccc(c(c1)O)O,0
ID_2952,CCOc1ccc(NC(=O)C(C)Oc2c(C(=O)Nc3cc(Cl)c(C)cc3)cccc2)cc1,1
ID_7612,Cc1ccc(C(=O)COc2c(C(=O)Nc3ccccc3)cccc2)cc1,1
ID_4765,N#Cc1c(COC)cc(C)[n]c1OCC(=O)N\N=C\c1oc(c2cc(N(=O)=O)ccc2)cc1,1
ID_1473,O=C(COc1[n]c[n]c2c1cccc2)N1CC(OC(C1)C)C,0
ID_10229,O=C(N[n]1c[n][n]c1)CP(=O)(c1ccccc1)c1ccccc1,0
ID_2622,CCOC(=O)N1CCC(NC(=O)CS(=O)(=O)Cc2[n]c(oc2C)c2cc(OC)ccc2)CC1,1
ID_8748,O=C(NCCCN(C)C1CCCCC1)CS(=O)(=O)Cc1[n]c(oc1C)c1c(F)cccc1,1
ID_5078,O=C(NCCc1cc(ccc1OC)OC)CS(=O)(=O)Cc1[n]c(oc1C)c1ccc(OC)cc1,1
ID_10230,O=C(Nc1c(Cl)cccc1)CS(=O)(=O)c1cc(Cl)ccc1,1
ID_7280,O=S(CC(=O)NCCCc1ccccc1)CC(=O)Nc1c(cc(C)cc1C)C,1
ID_8290,O=C(N1CCC2(OCCO2)CC1)CS(=O)Cc1[n]c(oc1C)c1c(C)cccc1,0
ID_8749,O=C(N1CCC2(OCCO2)CC1)CS(=O)Cc1[n]c(oc1C)c1c(F)cccc1,1
ID_8291,O=C(NCCCN(C)c1ccccc1)CS(=O)Cc1[n]c(oc1C)c1c(C)cccc1,1
ID_8292,O=C(NCCN1CCN(Cc2ccccc2)CC1)CS(=O)Cc1[n]c(oc1C)c1ccccc1C,1
ID_10232,O=C(Nc1c(Cl)cccc1)CS(=O)c1cc(Cl)ccc1,1
ID_10231,O=C(Nc1c(Cl)cccc1)CS(=O)c1cc(C(F)(F)F)ccc1,1
ID_274,N#CC1=C(SCC(=O)Nc2scc[n]2)NC(=C(C1c1ccc(Cl)cc1)C(=O)OCC=C)C,1
ID_10233,O=C(N1CCN(c2ccc(Cl)cc2)CC1)CSC1=NCCS1,1
ID_1350,O=C(N1c2c(c3c(ssc3=S)C1(C)C)cccc2)CSC1=NCCS1,1
ID_10234,O=C(Nc1ccc(Cl)cc1)CSC1CC(=O)N(CC(c2ccccc2)c2ccccc2)C1=O,1
ID_7829,Clc1cc(ccc1N1CCOCC1)NC(=O)CSCC(=O)Nc1ccc(C)cc1,1
ID_10235,Clc1ccc(NC(=O)CSCC(=O)OC[n]2[n][n]c3c(c2=O)cccc3)cc1,1
ID_10240,Clc1cc(CSCC(=O)N\N=C\c2ccc(OCC(=O)N3CCCCC3)cc2)ccc1,1
ID_114,O=C(N\N=C(/C)\c1cc2c(cc1)OCCO2)CSCc1ccc(Cl)cc1,1
ID_10239,O=C(N\N=C\c1cc2c(cc1)OCO2)CSCc1cc(Br)ccc1,1
ID_2516,CCOC(=O)C1CCCN(C1)C(=O)CSCc1ccccc1,1
ID_2624,CCOC(=O)N1CCN(C(=O)C(C)SCc2ccccc2)CC1,0
ID_2629,CCOC(=O)N1CCN(C(=O)CSCc2ccc(Cl)cc2)CC1,1
ID_10237,O=C(NCC1OCCC1)CSCc1c(F)cccc1Cl,0
ID_8179,O=C(NCCSCc1cc(C)ccc1)CSCc1ccc(N(=O)=O)cc1,1
ID_8332,O=C(NCCSCc1c(C)cccc1)CSCc1ccc(N(=O)=O)cc1,1
ID_10241,O=C(NCc1cc2c(cc1)OCO2)CSCc1cc(Cl)ccc1,1
ID_10236,O=C(NCc1c[n]ccc1)CSCc1c(Cl)cccc1Cl,1
ID_10244,O=C(NN1C(=O)c2c(C1=O)cccc2)CSCc1c(Cl)cccc1,1
ID_3762,O=C(NN=C1CCN(C)CC1)CSCc1ccccc1,1
ID_10245,O=C(CSCc1c(Cl)cccc1)NNC(=S)Nc1ccccc1,1
ID_10242,O=C(Nc1ccc(S(=O)(=O)N2CCOCC2)cc1)CSCc1ccccc1,0
ID_10238,O=C(Nc1cc2c(cc1)OCCO2)CSCc1ccc(Cl)cc1,0
ID_10243,OC(=O)c1c(NC(=O)c2cc(NC(=O)CSCc3ccccc3)ccc2)cccc1,1
ID_2623,CCOC(=O)N1CCC(NC(=O)CSCc2c([n]3cccc3)[n]([n]c2)c2ccccc2)CC1,1
ID_8196,O=C(N1CCN(c2c(c(C)ccc2)C)CC1)CSCc1c([n]oc1C)C,1
ID_8747,O=C(NC1CC1)CSCc1[n]c(oc1C)c1c(Cl)cccc1,1
ID_2308,CCN1CCCC1CNC(=O)CSCc1[n]c(oc1C)c1c(C)cccc1,1
ID_8750,O=C(NCc1cc2c(cc1)OCO2)CSCc1[n]c(oc1C)c1c(F)cccc1,1
ID_10246,O=C(N1CCOCC1)CSc1c[nH]c2c1cccc2,1
ID_8498,O=C(c1ccc(F)cc1)CSc1[n]c(C)[nH]c1N(=O)=O,0
ID_4855,N#Cc1c(cc([n]c1SCC(=O)Nc1scc[n]1)c1ccccc1)c1cc(c(OC)c(OC)c1)OC,1
ID_3263,CC[n]1c2c(c(SCC(=O)N3CCN(C(=O)c4occc4)CC3)cc1=O)cccc2,1
ID_9010,O=C(NCCCN1CCOCC1)CSc1cc(=O)[n](C)c2cc(Cl)ccc12,1
ID_9011,O=C(NCCN1CCN(c2c(F)cccc2)CC1)CSc1cc(=O)[n](C)c2ccc(Cl)cc12,1
ID_3264,CC[n]1c2c(c(SCC(=O)NCc3ccc4c(c3)OCO4)cc1=O)cccc2,1
ID_3265,CC[n]1c2c(c(SCC(=O)Nc3cc(c(OC)c(c3)OC)OC)cc1=O)cccc2,1
ID_2991,N#Cc1c(SCC(=O)Nc2cc(OCC)ccc2)[n]c(C)c2c1CCCC2,0
ID_2956,N#Cc1c(SCC(=O)Nc2ccc(OCC)cc2)[n]c(C)c2c1CCCC2,1
ID_5643,N#Cc1c(SCC(=O)Nc2ccc(OC)cc2)[n]c(C)c2c1CCCC2,1
ID_7492,O=C(N1CCc2c1cccc2)CSc1[n]cc(c2[n]c3c([nH]2)cc(c(c3)C)C)cc1,0
ID_8123,N#Cc1c(SCC(=O)Nc2c(cccc2C)C)[n]c(c(CC(=O)c2ccc(Br)cc2)c1C)C,1
ID_7793,N#CCCN(c1ccc(C)cc1)C(=O)CSc1cc2c(cc1)OCCO2,1
ID_1029,O=C(c1c(N)[n](CC(C)C)c(=O)[n](C)c1=O)CSc1ccc2c(c1)OCCO2,1
ID_9046,O=C(c1c(N)[n](c(=O)[n](c1=O)C)C)CSc1ccc2c(c1)OCCO2,1
ID_3053,N#Cc1cc2c([n]c1SCC(=O)Nc1sc(SCC)[n][n]1)CCCC2,1
ID_5641,O=C(Nc1ccc(OC)cc1)CSc1c2c3c(C(=O)c4c(c3cc1)cccc4)ccc2,1
ID_3242,CCc1sc(NC(=O)CSc2[n]c3c(cc2C)cc2c(c3)OCCO2)[n][n]1,1
ID_8051,N#Cc1cc2c([n]c1SCC(=O)N1CCCc3c1cccc3)c(c(cc2)C)C,1
ID_8074,N#Cc1c(SCC(=O)NCc2sccc2)[n]c2ccc(C)cc2c1,0
ID_3167,CCc1c(SCC(=O)NNC(=O)c2occc2)[n]c2c(c1)cc(c(c2)C)C,1
ID_7454,O=C(Nc1c([n](C)[n](c2ccccc2)c1=O)C)C(C)Sc1cc(c2c([n]1)cccc2)C,1
ID_8512,N#Cc1c(SCC(=O)Nc2cc3[n]c(sc3cc2)C)[n]c2c(cccc2c1)C,1
ID_7486,O=C(N(C)c1scc([n]1)c1ccccc1)CSc1[n]c2c(C)cccc2cc1C,0
ID_5938,O=C(c1ccc2c(c1)OCO2)CSc1cc(C)c2c([n]1)cc(OC)cc2,1
ID_5642,N#Cc1c(cc([n]c1SCC(=O)Nc1ccc(OC)cc1)c1ccc(C)cc1)C(F)(F)F,0
ID_9354,N#Cc1c(SCC(=O)c2cc(Cl)ccc2)[n]c(c2ccccc2)cc1,0
ID_10252,O=C(OCC(=O)c1ccccc1)CSc1c2[n]cccc2ccc1,0
ID_10247,O=C(N1CCN(c2c(cc(cc2)Cl)N(=O)=O)CC1)CSc1ccc(Cl)cc1,1
ID_8005,O=C(N1c2ccccc2Sc2c1cccc2)CSc1ccc(C)cc1,1
ID_10255,OC(=O)c1c(SCC(=O)NCc2occc2)cccc1,0
ID_10248,O=C(Nc1ccc(N2CCN(C(=O)c3ccc(Cl)cc3)CC2)cc1)CSc1ccc(Cl)cc1,1
ID_10253,O=C(Nc1cc(F)c(cc1)N1CCN(c2ccccc2)CC1)CSc1ccccc1,0
ID_10254,O=C(c1occc1)Nc1ccc(NC(=O)CSc2ccccc2)cc1,0
ID_10250,O=C(Nc1cc(c2oc3ccc[n]c3[n]2)ccc1)CSc1ccc(Cl)cc1,1
ID_10251,Clc1ccc(SCC(=O)Nc2cc(NC(=O)c3occc3)ccc2)cc1,0
ID_8007,Cc1ccc(SCC(=O)Nc2cc(NC(=O)c3occc3)ccc2)cc1,1
ID_4450,Cc1ccc(SCC(=O)Nc2c(C(=O)OC)cc(c(c2)OC)OC)cc1,1
ID_5699,Cc1ccc(SCC(=O)Nc2c(C(=O)Nc3ccc(OC)cc3)cccc2)cc1,1
ID_4515,COC(=O)c1sccc1NC(=O)CSc1cc(Cl)ccc1Cl,1
ID_4516,Clc1ccc(SCC(=O)Nc2ccsc2C(=O)OC)cc1,0
ID_7380,O=C(Nc1[n]c(cc(C)[n]1)Cl)CSc1ccc(Cl)cc1,0
ID_8444,O=C(Nc1[n]cc(C)s1)CSc1ccc(Cl)cc1,1
ID_4767,O=C(Nc1sc(COC)[n][n]1)CSc1ccc(C)cc1,0
ID_2685,CCOC(=O)c1c(c([nH]c1C)C(=O)C(C)Sc1ccc(Cl)cc1)C,1
ID_4517,Clc1ccc(S(=O)(=O)Nc2c(SCC(=O)Nc3ccsc3C(=O)OC)cccc2)cc1,1
ID_11101,OC(=O)c1ccc[n]c1SCC(=O)N1CCCCCC1,0
ID_1607,CCC(Sc1[n]cccc1C(=O)O)C(=O)N1CCOCC1,0
ID_3360,OC(=O)c1c(SCC(=O)N(C)c2ccccc2)[n]ccc1,0
ID_2793,CCOC(=O)c1sc(NC(=O)CSc2[n]c(cc(c2C#N)C)C)c(c1C)C#N,0
ID_7455,Cc1cc([n]c([n]1)SCC(=O)c1ccccc1)SCC(=O)c1ccccc1,1
ID_5994,O=C(Nc1c(cc(C)cc1C)C)CSc1c2cc(OC)ccc2[n]c(C)c1,1
ID_611,OC(=O)C1=C(COC(=O)C)CS[C@@H]2N1C(=O)[C@H]2NC(=O)CSc1cc[n]cc1,1
ID_6738,N#Cc1c(SCC(=O)Nc2ccc(Cl)cc2)[n]c(N)[n]c1SC,0
ID_6710,O=C(NCCc1ccc(SC)cc1)CSc1ccsc1N(=O)=O,1
ID_8797,N#Cc1c(C)s[n]c1SCC(=O)N\N=C(/N)\COc1cc(C(F)(F)F)ccc1,1
ID_6347,Cc1sc(NC(=O)CSc2c[n](CCNC(=O)c3c(OC)cccc3)c3c2cccc3)[n][n]1,1
ID_8522,O=C(N1CCC(C)CC1)CSc1c(C)[n]c2c([n]1)cccc2,0
ID_2893,CCOc1ccc([n]2c(=O)[nH][n]c2SCC(=O)Nc2c(C)cccc2)cc1,1
ID_8206,N#Cc1c([n]c(SCC(=O)Nc2c(c(C)ccc2)C)[nH]c1=O)c1ccccc1,0
ID_10258,O=C(N1CCc2c1cccc2)CSc1scc([n]1)c1ccccc1,1
ID_8254,O=C(NCC1OCCC1)CSc1[n]c([n]c2c(C)cccc12)c1ccc(F)cc1,0
ID_3223,CCc1c(NC(=O)CSc2[n]c([n][n]2C(=O)c2cc(N(=O)=O)ccc2)c2ccccc2)cccc1,0
ID_8089,O=C(Nc1scc[n]1)CSc1[n]c(c2cc(C)ccc2)[n]s1,1
ID_9334,N#Cc1c([n]c(SCC(=O)c2sccc2)[nH]c1=O)c1sccc1,0
ID_1230,O=C(NC(C)c1ccccc1)CSc1[n]c(=O)cc(N)[n]1CCc1ccccc1,1
ID_9868,O=C(Nc1c2c(ccc1)cccc2)CSc1[n]c(=O)cc(N)[n]1CCc1ccccc1,1
ID_1602,N#Cc1c(NC(=O)C(CC)Sc2[n]c(=O)cc(N)[n]2CCc2ccccc2)cccc1,1
ID_3241,CCc1sc(NC(=O)CSc2[n]c([n]c3c2cccc3)C2CCCCC2)[n][n]1,1
ID_8207,O=C(Nc1c(c(C)ccc1)C)CSc1[n]c([n]c2c1cccc2)COc1ccccc1,1
ID_8345,O=C(Nc1c(C)cccc1)CSc1[n]c([n]c([n]1)N1CCCCC1)N1CCCCC1,1
ID_1943,CCCC[n]1c2c([n]c1SCC(=O)N1CCCC1)[n](c(=O)[n](c2=O)C)C,1
ID_6339,O=C(Nc1c(F)cccc1)CSc1[n]c2[nH][n]cc2c(=O)[n]1c1c(OC)cccc1,1
ID_7727,O=C(NCc1occc1)CSc1[nH]c(=O)c2C(c3ccc(C)cc3)C3=C(CCCC3=O)Nc2[n]1,1
ID_3299,CC[n]1c(=O)c2SC(C)Cc2[n]c1SCC(=O)NC1CCCCC1,1
ID_3302,CC[n]1c(=O)c2SC(C)Cc2[n]c1SCC(=O)Nc1ccc2c(c1)OCCO2,1
ID_8072,O=C(Nc1sc2cc(ccc2[n]1)C)CSc1[n]c2CC(Sc2c(=O)[n]1C)C,0
ID_3304,CC[n]1c(=O)c2SC(Cc2[n]c1SCC(=O)Nc1sc2cc(ccc2[n]1)C)C,1
ID_10259,O=C(N1CCCC1)CSc1[n]c2CCSc2c(=O)[n]1c1ccc(F)cc1,0
ID_2892,CCOc1ccc([n]2c(=O)c3SCCc3[n]c2SCC(=O)Nc2cc3c(cc2)OCCO3)cc1,0
ID_1798,CCCCC[n]1c(=O)c2ccc(cc2[n]c1SCC(=O)c1ccccc1)C(=O)NCc1occc1,0
ID_1605,CCC(Sc1[n]c2c(c(=O)[n]1Cc1occc1)cc1c(c2)OCO1)C(=O)Nc1c(OC)cccc1,1
ID_1604,CCC(Sc1[n]c2c(c(=O)[n]1Cc1occc1)cc1c(c2)OCO1)C(=O)Nc1cc(OC)ccc1,1
ID_3207,CCc1c(NC(=O)CSc2sc3cc(N4C(=O)c5c(C4=O)cccc5)ccc3[n]2)c(C)ccc1,1
ID_9055,O=C(N\N=C\C=C/c1occc1)CSc1[n]c2c([n]1C)cccc2,0
ID_7586,O=C(N\N=C\c1sc(C)cc1)CSc1[n]c2c([n]1C)cccc2,0
ID_9057,O=C(N1CCN(S(=O)(=O)c2ccccc2)CC1)CSc1[n]c2c([n]1C)cccc2,1
ID_10260,O=C(NCCN1CCCCC1)CSc1[n]c2c([nH]1)cccc2,0
ID_10261,O=C(Nc1c(F)cccc1F)CSc1[n]c2c([nH]1)cccc2,1
ID_8075,O=C(c1ccc2c(c1)OCO2)CSc1[n]c2cc(C)ccc2[nH]1,1
ID_1941,CCCC[n]1c2ccc(cc2[n]c1SC(C)C(=O)c1ccc(OC)cc1)S(=O)(=O)N,1
ID_6002,O=C(c1occc1)CSc1[n]c2cc(OC)ccc2[nH]1,1
ID_6,CCOc1ccc2[n](C)c(SCC(=O)c3sc(Br)cc3)[n]c2c1,1
ID_13,O=C(CSc1[n]c2cc(OC)ccc2[n]1C)c1sc(Br)cc1,1
ID_336,C=CC[n]1c(=O)c2c([n]c1SCC(=O)N1CCc3c(C1)cccc3)cccc2,1
ID_504,CC(=O)NCC[n]1c(=O)c2c([n]c1SCC(=O)NCc1occc1)cccc2,1
ID_1944,CCCC[n]1c(=O)c2c([n]c1SCC(=O)Nc1scc[n]1)cccc2,1
ID_6097,NC(=O)c1c2c(sc1NC(=O)CSc1[n]c3c(c(=O)[n]1c1cc(OC)ccc1)cccc3)CCC2,0
ID_10262,O=C(c1occc1)CSc1[n]c2c(c(=O)[n]1c1ccc(Cl)cc1)cccc2,1
ID_5644,O=c1[n](CCC(=O)N2CCCCC2)c(SCC(=O)Nc2ccc(OC)cc2)[n]c2c1cccc2,1
ID_10263,O=c1[n](c(SCC(=O)NCc2occc2)[n]c2c1cccc2)CCCC(=O)N1CCCC1,1
ID_10264,O=C(NCc1ccccc1)CSc1[n]c2c(c(=O)[n]1CCCN1CCCCC1)cccc2,1
ID_2156,CCN(c1cc(C)ccc1)C(=O)CSc1[n]c2cc(C(=O)OC)ccc2c(=O)[n]1Cc1occc1,0
ID_10265,Clc1c(CNC(=O)CSc2[n]c3c(c(=O)[n]2NC(=O)Cc2ccccc2)cccc3)cccc1,1
ID_10266,Clc1ccc(C(=O)CSc2[n]c3c(c(=O)[n]2NC(=O)c2ccccc2)cccc3)cc1,1
ID_8208,O=C(Nc1cc(C)ccc1)CSc1[n]c2c(c3[n]c([n][n]13)CCc1c([n][nH]c1C)C)cccc2,1
ID_5739,O=C(Nc1cc(OC)ccc1OC)CSc1[n]c2c(cc1Cc1ccccc1)cccc2,1
ID_6492,O=C(Nc1c(OC)cccc1)CSc1[n]c2c(cc1Cc1ccccc1)cccc2,1
ID_6212,O=C(Nc1cc(OC)ccc1)CSc1[n]c2c(cc1Cc1ccccc1)cccc2,1
ID_5645,O=C(Nc1ccc(OC)cc1)CSc1[n]c2c(cc1Cc1ccccc1)cccc2,1
ID_2231,O=C(N1CCOCC1)CSc1[n]c2cc(S(=O)(=O)N(CC)CC)ccc2[n]1c1c(OC)cccc1,1
ID_10268,O=C(Nc1c(N2CCCCCC2)cccc1)CSc1oc2c([n]1)cccc2,1
ID_10269,O=C(Nc1sc2ccccc2[n]1)CSc1oc2ccccc2[n]1,0
ID_1288,O=C(CSc1sc2c([n]1)cccc2)C1(CC2(CC(OC2=O)(C)C)C(=O)O1)C,1
ID_10272,O=C(CSc1sc2c([n]1)cccc2)NNC(=S)Nc1ccc(Br)cc1,1
ID_1664,CCCC(=O)Nc1cc2sc(SCC(=O)Nc3cc(Cl)c(N4CCOCC4)cc3)[n]c2cc1,1
ID_10274,O=C(CSc1[n]c2ccccc2s1)c1c(O)[n+]2c3c(sc2s1)cccc3,0
ID_1448,O=C(N1CCC(C)CC1)CSc1[n]c2ccc[n]c2[n]1C,0
ID_6338,O=C(N1CCCC1)CSc1[n]c2ccc[n]c2[n]1c1c(OC)cccc1,1
ID_10843,OC(=O)CCCCC[n]1c(=O)c2sccc2[n]c1SCC(=O)N1CCCC1,0
ID_10275,O=C(NCc1occc1)CSc1[nH]c(=O)c2c(cc(c3sccc3)[n]c2[n]1)C(F)(F)F,1
ID_1223,O=C(NC(C)Cc1ccccc1)CSc1[n]c2[n]c3CC(OCc3cc2c(=O)[n]1c1ccccc1)(C)C,1
ID_8561,O=C(NCc1occc1)CSc1[n]c2[n]c(c(Cc3c(F)cccc3Cl)c([n]2[n]1)C)C,1
ID_8183,O=C(NCc1occc1)CSc1[n]c2[n]c(c(Cc3cc(C)ccc3)c([n]2[n]1)C)C,1
ID_8209,O=C(Nc1cc(C)ccc1)CSc1[nH]c(=O)c2c(cc([n]c2[n]1)C)C,1
ID_7341,O=C(N\N=C\c1c(F)cccc1)CSc1[n]c2[n]c(cc([n]2[n]1)C)C,0
ID_3297,CC[n]1c(=O)c2c(=O)c3cc(cc(c3oc2[n]c1SCC(=O)N1CCOCC1)Cl)Cl,1
ID_1305,O=C(NCc1ccccc1)CSc1[n]c2sc3c(CC(SC3)(C)C)c2c(=O)[n]1c1ccccc1,1
ID_7557,O=C(NCc1occc1)CSc1[n]c2sc3c(CC(SC3)(C)C)c2c(=O)[n]1c1ccc(C)cc1,1
ID_334,C=CC[n]1c(=O)c2c(c3ccccc3)csc2[n]c1SC(C)C(=O)NCc1cc2c(cc1)OCO2,1
ID_338,C=CC[n]1c(=O)c2c(c3ccccc3)c(sc2[n]c1SCC(=O)Nc1c([n](C)[n](c2ccccc2)c1=O)C)C,1
ID_1024,O=C(N1CCOCC1)CSc1[n]cc([n]1CC(C)C)c1ccc(Cl)cc1,0
ID_553,CC(=O)Nc1ccc(NC(=O)C[n]2c(c[n]c2SCC(=O)Nc2c(cccc2C)C)c2ccc(F)cc2)cc1,1
ID_3603,Nc1[n]c(SCC(=O)Nc2ccc(N(C)C)cc2)sc1C(=O)Nc1ccc(N(C)C)cc1,1
ID_8336,O=C(Nc1c[n][n](Cc2c(C)cccc2)c1)CSc1[n]c(c2c([n]1)c1c(CC2)cccc1)C(F)(F)F,1
ID_8619,O=C(Nc1c([n][n](Cc2ccc(Cl)cc2)c1C)C)CSc1[n]c(c2c([n]1)c1c(CC2)cccc1)C(F)(F)F,1
ID_9126,N#Cc1ccsc1NC(=O)CSc1[n]cc[n]1C,1
ID_1256,O=C(N1CCCCC1)C(C)Sc1[n]c(cc(c2ccccc2)[n]1)C(F)(F)F,1
ID_3295,CC[n]1c(=O)cc(O)[n]c1SCC(=O)N1CCCCC1,0
ID_7218,O=C(Nc1ccc(S(=O)(=O)N2CCOCC2)cc1)CSc1[n]c(C)cc(=O)[nH]1,0
ID_9060,O=C(Nc1ccccc1)CSc1[n]c(O)cc(=O)[n]1C,1
ID_7830,O=C(Nc1ccc(C)cc1)CSc1[n]c(O)cc(=O)[n]1C,0
ID_1603,CCC(Sc1[n]c(C)cc(=O)[nH]1)C(=O)Nc1sc2c([n]1)CCCC2,1
ID_7613,O=C(c1ccc(C)cc1)CSc1[n]c(cc(=O)[nH]1)C,0
ID_5466,O=C(c1cc([n](CCc2ccc(OC)cc2)c1C)C)CSc1[n]c(N)cc(=O)[nH]1,1
ID_8492,O=C(NCCc1ccc(Cl)cc1)CSc1[n]c(c(C)c(C)[n]1)C,1
ID_8493,O=C(Nc1c([n](C)[n](c2ccccc2)c1=O)C)CSc1[n]c(c(C)c(C)[n]1)C,0
ID_8495,O=C(Nc1ccc(N2CCOCC2)cc1)CSc1[n]c(c(C)c(C)[n]1)C,1
ID_7352,O=C(Nc1c(N(=O)=O)cccc1)CSc1[n]c(cc(C)[n]1)C,0
ID_2794,N#Cc1c(c(sc1NC(=O)CSc1[n]c(cc(C)[n]1)C)C(=O)OCC)C,1
ID_7264,O=C(c1cc(N(=O)=O)ccc1)CSc1[n]c(C(F)(F)F)cc(C)[n]1,1
ID_5180,O=C(Nc1ccccc1)CSc1[n]cc[n]1c1ccc(OC)cc1,1
ID_5179,O=C(Nc1c(cc(cc1)OC)OC)CSc1[n]cc[n]1c1ccc(OC)cc1,1
ID_6098,O=C(Nc1scc[n]1)CSc1[n](cc[n]1)c1cc(OC)ccc1,1
ID_2894,CCOc1ccc([n]2cc[n]c2SCC(=O)Nc2sc(C)[n][n]2)cc1,1
ID_2895,O=C(Nc1sc(CC)[n][n]1)CSc1[n]cc[n]1c1ccc(OCC)cc1,1
ID_10276,O=C(c1ccc(Cl)cc1)CSc1[n]cc[n]1c1ccccc1,1
ID_10277,O=C(c1ccc(Cl)cc1)CSc1[n]cc[n]1c1[n]cc(cc1Cl)C(F)(F)F,1
ID_2133,CCC[n]1c(N)c(C(=O)CSc2scc(C)[n]2)c(=O)[n](C)c1=O,1
ID_1257,O=C(Nc1ccccc1)C(C)Sc1[n]c(N(C)C)[n]c(NCc2ccccc2)[n]1,0
ID_8494,O=C(Nc1c([n][n](C)c1C)C)CSc1[n]c([n]c2c1c[n][n]2c1ccccc1)C,0
ID_3243,CCc1sc(NC(=O)CSc2[n]c[n]c3c2c[n][n]3c2ccc(OC)cc2)[n][n]1,0
ID_8632,O=C(Nc1sc(C)[n][n]1)CSc1[n]c[n]c2c1c[n][n]2c1c(C)cccc1,0
ID_3230,CCc1[n]c(SCC(=O)N2CCCc3c2cccc3)c2oc3c(c2[n]1)cccc3,1
ID_3231,CCc1[n]c(SCC(=O)NCCc2ccccc2)c2oc3c(c2[n]1)cccc3,1
ID_8496,O=C(Nc1ccc2c(c1)OCCO2)CSc1[n]c(C)[n]c2c3c(oc12)cccc3,1
ID_3234,CCc1[n]c(SCC(=O)c2sccc2)c2oc3c(c2[n]1)cccc3,0
ID_3233,CCc1[n]c(SCC(=O)c2sc(Cl)cc2)c2oc3c(c2[n]1)cccc3,1
ID_3232,CCc1[n]c(SCC(=O)NNC(=O)C2CCCCC2)c2c([n]1)cccc2,0
ID_2104,CCCc1[n]c(SCC(=O)NNC(=O)C2CCCCC2)c2c([n]1)cccc2,1
ID_820,O=C(Nc1ccc2c(c1)OCCO2)CSc1[n]c([n]c2c1cccc2)C(C)(C)C,1
ID_1258,O=C(Nc1ccc2c(c1)OCO2)C(C)Sc1[n]c[n]c2c1cccc2,1
ID_2105,CCCc1[n]c(SCC(=O)Nc2sc3c([n]2)CCCC3)c2c([n]1)cccc2,1
ID_8210,O=C(Nc1c(c(C)ccc1)C)CSc1[n]c[n]c2[n]c[nH]c12,0
ID_9975,O=C(c1ccc(Br)cc1)CSc1[n]c(N)[n]c2[n]c[nH]c12,1
ID_10278,O=C(c1ccccc1)CSc1[n]c[n]c2[n]c[nH]c12,0
ID_2066,CCCSc1[n]c(c2c3CC(OCc3sc2[n]1)(C)C)SCC(=O)NCc1ccccc1,1
ID_4425,COC(=O)c1c(c2ccccc2)csc1NC(=O)CSc1[n]c[n]c2sc(c(c12)C)C,1
ID_2106,O=C(Nc1sc(CC)[n][n]1)CSc1[n]c(CCC)[n]c2sc(c(c12)C)C,1
ID_3300,CC[n]1c(c2oc3c(cccc3OC)c2)[n][n]c1SCC(=O)NC1CCCCC1,1
ID_9056,O=C(N1CCCC1)CSc1[n](C)c(c2ccc(S(=O)(=O)N3CCCC3)cc2)[n][n]1,0
ID_9059,O=C(NCc1ccc2c(c1)OCO2)CSc1[n](C)c(c2c(O)cc3c(c2)cccc3)[n][n]1,1
ID_9058,Fc1c(C(=O)Nc2cc(c3[n](C)c(SCC(=O)NC4CC4)[n][n]3)ccc2)cccc1,1
ID_10280,O=C(NCc1ccccc1)CSc1[n](C2CCCCCC2)c(c2cc(S(=O)(=O)N3CCOCC3)ccc2)[n][n]1,1
ID_3294,CC[n]1c(c2ccccc2)[n][n]c1SCC(=O)N\N=C\C=C/c1c(N(=O)=O)cccc1,1
ID_10256,O=C(N1CCCc2c1cccc2)CSc1[nH]c(c2c(O)cccc2)[n][n]1,1
ID_10030,O=C(N1CCOCC1)CSc1[n](N)c(c2c(Cl)cccc2)[n][n]1,0
ID_3327,CC[n]1c2c(c3cc(NC(=O)CSc4[n](N)c(c5cc(c(cc5)OC)OC)[n][n]4)ccc13)cccc2,1
ID_3303,CC[n]1c(c2ccc(N)cc2)[n][n]c1SCC(=O)Nc1c(C(=O)OC)cccc1,1
ID_5378,O=C(Nc1cc(C)ccc1OC)CSc1[n](N)c(c2ccc(c(c2)OC)OC)[n][n]1,1
ID_2792,N#Cc1c(C)c(sc1NC(=O)CSc1[nH]c(c2c(cc(Cl)cc2)Cl)[n][n]1)C(=O)OCC,1
ID_9061,O=C(c1cc2Cc3ccccc3c2cc1)CSc1[n](C)c(c2ccccc2)[n][n]1,1
ID_541,CC(=O)Nc1ccc(c2[n](C)c(SCC(=O)c3cc4Cc5ccccc5c4cc3)[n][n]2)cc1,1
ID_7243,O=C(c1cc([n](CC2OCCC2)c1C)C)CSc1[n](C)c(c2ccc(Cl)cc2)[n][n]1,1
ID_8346,O=C(Nc1c(C)cccc1)CSc1[n](c2ccccc2)c(c2ccccc2)[n][n]1,1
ID_10281,O=C(CSc1[n](c2ccccc2)c(c2ccccc2)[n][n]1)c1sccc1,1
ID_10279,O=C(NC1CCS(=O)(=O)C1)CSc1[n](C2CCCCC2)c(c2c(cc(Cl)cc2)Cl)[n][n]1,1
ID_1512,CCC(=O)Nc1c(OC)cc(C(=O)CSc2[n](CC3OCCC3)c(c3ccc(O)cc3)[n][n]2)cc1,1
ID_551,CC(=O)Nc1ccc(NC(=O)CSc2[n](Cc3cc4c(cc3)OCO4)c(c3ccccc3)[n][n]2)cc1,1
ID_8124,O=C(Nc1c(C)cccc1C)CSc1[n](Cc2cc3c(cc2)OCO3)c(c2ccccc2)[n][n]1,1
ID_7411,O=C(Nc1cc(C)o[n]1)CSc1[n](Cc2occc2)c(c2ccccc2)[n][n]1,1
ID_4858,O=C(Nc1ccc2c(c1)OCCO2)CSc1oc(c2cc(c(OC)c(c2)OC)OC)[n][n]1,1
ID_7244,O=C(c1cc([n](CC2Oc3c(OC2)cccc3)c1C)C)CSc1oc(c2ccccc2)[n][n]1,1
ID_10282,O=C(Nc1cc2c(cc1)OCO2)CSc1[n](Cc2occc2)c(c2[n]cccc2)[n][n]1,1
ID_1192,O=C(N1CCN(c2ccccc2)CC1)CSc1[n](c2c(C(C)C)cccc2)c(c2c[n]ccc2)[n][n]1,1
ID_10283,O=C(Oc1ccccc1)CSc1oc(c2c[n]ccc2)[n][n]1,0
ID_3305,N#Cc1c2CCC(Cc2sc1NC(=O)CSc1[n](CC)c(c2occc2)[n][n]1)C(C)(C)C,0
ID_3306,CC[n]1c(c2occc2)[n][n]c1SCC(=O)Nc1sc2CC(C)CCc2c1C(=O)N,1
ID_8211,O=C(Nc1c(c(C)ccc1)C)CSc1[n]c(c([n][n]1)c1occc1)c1occc1,1
ID_10284,O=C(NCc1occc1)CSc1[n](c2ccccc2)c(c2occc2)[n][n]1,1
ID_7279,O=C(Nc1c(cc(C)cc1C)C)C(C)Sc1[n](c2ccccc2)c(c2occc2)[n][n]1,1
ID_552,CC(=O)Nc1ccc(NC(=O)CSc2[n](Cc3occc3)c(c3occc3)[n][n]2)cc1,0
ID_10257,O=C(N1CCCc2c1cccc2)CSc1[nH]c(c2sccc2)[n][n]1,1
ID_3296,CC[n]1c(c2sccc2)[n][n]c1SCC(=O)N1CCN(S(=O)(=O)c2ccccc2)CC1,1
ID_3298,CC[n]1c(c2sccc2)[n][n]c1SCC(=O)NC(=O)NCc1occc1,1
ID_3301,CC[n]1c(c2sccc2)[n][n]c1SCC(=O)NC1CCCc2c1cccc2,1
ID_3310,CC[n]1c(c2sccc2)[n][n]c1SCC(=O)c1ccc2c(c1)cccc2,1
ID_3311,CC[n]1c(c2sccc2)[n][n]c1SCC(=O)c1ccccc1,1
ID_2687,CCOC(=O)c1c(c([nH]c1C)C(=O)CSc1[n](Cc2ccccc2)c(c2sccc2)[n][n]1)C,1
ID_8205,O=C(Nc1cc(C)ccc1)CSc1[nH]c(c2cc[n]cc2)[n][n]1,1
ID_339,C=CC[n]1c(c2cc[n]cc2)[n][n]c1SCC(=O)Nc1[n]cc(Cc2ccc(Br)cc2)s1,1
ID_7642,O=C(c1ccc(C)cc1)NNC(=O)CSc1[n](c2ccc(C)cc2)c(c2cc[n]cc2)[n][n]1,1
ID_10285,O=C(Nc1scc[n]1)CSc1[n](Cc2ccccc2)c(c2cc[n]cc2)[n][n]1,0
ID_7831,O=C(Nc1ccc(C)cc1)CSc1oc(c2cc[n]cc2)[n][n]1,0
ID_3003,CCOc1c(NC(=O)CSc2[n](C)c(c3[n]cc[n]c3)[n][n]2)cccc1,1
ID_5647,O=C(Nc1ccc(OC)cc1)CSc1[n](N)c(C2CC2)[n][n]1,0
ID_3309,CC[n]1c(C2CC2)[n][n]c1SCC(=O)c1ccc(OC)cc1,1
ID_5646,O=C(Nc1ccc(OC)cc1)CSc1[n](c2ccccc2)c(C2CC2)[n][n]1,1
ID_337,C=CC[n]1c(C2CCCCC2)[n][n]c1SCC(=O)NC1CCCCC1,1
ID_3274,CC[n]1c(CC(=O)Nc2ccc(C)cc2)[n][n]c1SCC(=O)NCCc1ccccc1,1
ID_2957,COc1ccc(C(=O)NCCc2[n](CC)c(SCC(=O)Nc3ccc(OCC)cc3)[n][n]2)cc1,1
ID_6213,O=C(Nc1cc(OC)ccc1)CSc1[n](C)c(CN2CCOCC2)[n][n]1,0
ID_6336,Fc1ccc(NC(=O)CSc2[n](c3c(OC)cccc3)c(CNC(=O)c3occc3)[n][n]2)cc1,1
ID_6504,O=C(N\N=C\c1occc1)CSc1[n](c2c(cc(Cl)cc2)Cl)c(CNc2c(OC)cccc2)[n][n]1,1
ID_5175,O=C(Nc1scc([n]1)c1ccccc1)CSc1[n](c2ccc(OC)cc2)c(CNc2ccc(C)cc2)[n][n]1,1
ID_10286,O=C(N1c2ccccc2Sc2c1cccc2)CSc1oc(CNc2ccc(F)cc2)[n][n]1,1
ID_5318,C[n]1c(COc2cc3c(cc2)cccc3)[n][n]c1SCC(=O)NNC(=O)c1ccc(OC)cc1,1
ID_327,C=CC[n]1c(COc2ccccc2)[n][n]c1SCC(=O)N\N=C\c1ccc(C)cc1,1
ID_6256,O=C(NCc1occc1)CSc1[n](C)c(COc2cc(OC)ccc2)[n][n]1,0
ID_2173,Cc1c(OCc2[n](C)c(SCC(=O)Nc3cc4sc([n]c4cc3)SCC(=O)N(CC)CC)[n][n]2)cccc1,0
ID_3283,CC[n]1c(COc2ccccc2)[n][n]c1SCC(=O)Nc1cc(OC)ccc1OC,1
ID_3284,CC[n]1c(COc2ccccc2)[n][n]c1SCC(=O)c1cc(N(=O)=O)ccc1,1
ID_6508,O=C(Nc1c(C)[n](C)[n](c1=O)c1ccccc1)CSc1[n](c(C(C)Oc2c(OC)cccc2)[n][n]1)c1ccccc1,1
ID_10289,O=C(c1ccccc1)CSc1[n](c2ccccc2)c(COc2ccccc2)[n][n]1,1
ID_3244,CCc1sc(NC(=O)CSc2[n](Cc3ccccc3)c(COc3ccccc3)[n][n]2)[n][n]1,0
ID_5760,O=C(N1c2cc(Cl)ccc2Sc2c1cccc2)CSc1oc(COc2ccc(OC)cc2)[n][n]1,1
ID_3285,CC[n]1c([n][n]c1SCC(=O)NCc1ccccc1)CSCc1ccc(C)cc1,1
ID_328,C=CC[n]1c([n][n]c1SCC(=O)NCc1ccccc1)CSCc1ccccc1,1
ID_1422,O=C(N1CC(CC(C1)C)C)CSc1[n](C)c(CSc2[n]ccc[n]2)[n][n]1,0
ID_329,C=CC[n]1c(Cc2c[nH]c3c2cccc3)[n][n]c1SCC(=O)NCc1ccccc1,0
ID_10290,O=C(N1CCCC1)CSc1[n](c2ccccc2)c(Cc2cc(=O)[nH]c(=O)[nH]2)[n][n]1,0
ID_7555,O=C(N1CCc2c1cccc2)CSc1[n](c2ccc(C)cc2)c(Cc2ccc[n]2C)[n][n]1,1
ID_7281,O=C(Nc1c(cc(C)cc1C)C)CSc1[n](c2ccc(F)cc2)c(Cc2ccc[n]2C)[n][n]1,1
ID_5648,O=C(Nc1c(cc(OC)cc1)OC)CSc1[n](CCc2ccccc2)c(Cc2ccc[n]2C)[n][n]1,1
ID_9045,O=C(N1CCN(c2ccccc2)CC1)CSc1[n](C)c(Cc2c3c(ccc2)cccc3)[n][n]1,1
ID_2157,CCN(C1CCS(=O)(=O)C1)C(=O)CSc1[n](N)c(Cc2cccc3c2cccc3)[n][n]1,1
ID_3287,CC[n]1c(Cc2ccccc2)[n][n]c1SCC(=O)c1cc(N(=O)=O)ccc1,0
ID_330,C=CC[n]1c(Cc2ccc(OC)cc2)[n][n]c1SCC(=O)c1cc(N(=O)=O)ccc1,1
ID_10291,O=C(Nc1cc(Cl)ccc1)CSc1oc(C[n]2[n][n]c3c2cccc3)[n][n]1,1
ID_4582,O=C(c1cc([n](C(C)COC)c1C)C)CSc1sc(Nc2c(F)cccc2)[n][n]1,1
ID_10292,O=C(c1cc2c(cc1)OCO2)CSc1sc(SCc2c3c(ccc2)cccc3)[n][n]1,1
ID_1470,O=C(N1C(C)CCc2c1ccc(c2)F)CSc1[n]c2[nH]c3c(c2[n][n]1)cc(cc3)F,1
ID_7643,Fc1cc2c(cc1)[nH]c1[n]c(SCC(=O)NNC(=O)c3ccc(C)cc3)[n][n]c12,1
ID_5881,O=C(c1cc(c(cc1)OC)OC)NNC(=O)CSc1[n]c2[nH]c3ccc(cc3c2[n][n]1)OC,1
ID_10294,O=C(Nc1c(F)cccc1)CSc1[n]c2c([n][n]1)c1ccccc1c1c2cccc1,0
ID_821,O=C(Nc1sc2c([n]1)cccc2)CSc1[n][n]c2[n]1c([n]c1c2cccc1)C(C)(C)C,1
ID_7482,O=C(NCc1ccc2c(c1)OCO2)CSc1[n][n]c2c(cc3c([n]12)cc(c(c3)C)C)C,1
ID_8053,O=C(NCc1occc1)CSc1[n][n]c2c(cc3ccc(C)cc3[n]12)C,1
ID_5980,O=C(Nc1scc([n]1)c1ccccc1)CSc1[n][n]c2c(C)cc3ccc(OC)cc3[n]12,1
ID_7503,O=C(N1CCN(c2ccccc2)CC1)CSc1[n][n]c2cc(C)[n]c(N)[n]12,1
ID_3135,CCc1c2[n][n]c(SCC(=O)Nc3ccccc3)[n]2c(N)[n]c1C,1
ID_7340,O=C(N(C)C1CCS(=O)(=O)C1)CSc1[n][n]c2[n]c(cc([n]12)C)C,0
ID_10295,O=C(NCc1occc1)CSc1[n][n]c2sc3c([n]12)cccc3,0
ID_2117,CCCc1[n](CCCOC)c(SCC(=O)N2C(C)CCCC2C)[n][n]1,0
ID_2120,CCCc1[n](CCCOC)c(SCC(=O)N2CCCCC2)[n][n]1,0
ID_9135,O=C(N1N=C2\C(=C\c3occc3)\CCCC2C1c1occc1)CSc1[n][n]c[n]1C,0
ID_2902,N#Cc1c2C=C(CC(c2sc1NC(=O)CSc1[nH]c(N)[n][n]1)(C)C)\C=C\c1ccc(OCC)cc1,1
ID_9973,O=C(Nc1c(Sc2ccc(Cl)cc2)cccc1)CSc1[nH]c(N)[n][n]1,1
ID_1933,CCCCc1[nH]c(SCC(=O)Nc2[n]ccc[n]2)[n][n]1,0
ID_9136,O=C(OCN1C(=O)c2c(C1=O)cccc2)CSc1[n][n]c[n]1C,0
ID_7553,O=C(c1cc([n](c1C)c1ccc(C)cc1)C)CSc1[nH]c(N)[n][n]1,1
ID_8639,O=C(Nc1scc[n]1)CSc1[nH]c(=O)c(C)[n][n]1,0
ID_5724,O=C(N\N=C\c1cc(OC)ccc1O)CSc1[n](c2ccccc2)c(C)[n][n]1,1
ID_7554,O=C(N1CCc2c(C1)cccc2)CSc1[n](c2cc(c(cc2)C)C)c(C)[n][n]1,1
ID_5183,O=C(Nc1ccc(N2CCOCC2)cc1)CSc1[n][n]c[n]1c1ccc(OC)cc1,1
ID_2118,CCCc1[n](CC2OCCC2)c(SCC(=O)N2CCCC(C)C2)[n][n]1,1
ID_2119,CCCc1[n](CC2OCCC2)c(SCC(=O)N2CCCCC2)[n][n]1,1
ID_2121,CCCc1[n](CC2OCCC2)c(SCC(=O)N2CCCCC2C)[n][n]1,1
ID_2707,CCOC(=O)c1c2c(sc1NC(=O)CSc1sc(C)[n][n]1)CCCCC2,0
ID_1527,CCC(=O)Nc1sc(SCC(=O)c2ccc3c(c2)Cc2ccccc23)[n][n]1,1
ID_7245,O=C(c1cc([n](CCc2ccc(F)cc2)c1C)C)CSc1sc(N)[n][n]1,1
ID_4604,O=C(N1CCCC1)CSc1[n][n][n][n]1CCCOC,0
ID_1955,CCCC[n]1[n][n][n]c1SCC(=O)N1CCCC1,0
ID_3354,CC[n]1[n][n][n]c1SCC(=O)NC1CCCC1,0
ID_1203,O=C(NCCc1ccccc1)CSc1[n][n][n][n]1C(C)C,1
ID_1204,O=C(NCc1ccc2c(c1)OCO2)CSc1[n][n][n][n]1C(C)C,1
ID_7182,O=C(Nc1c(C)[n]([n](c2ccccc2)c1=O)C)CSc1[n][n][n][n]1C,0
ID_9154,O=C(Nc1c(N(=O)=O)cccc1)CSc1[n][n][n][n]1C,0
ID_8212,O=C(Nc1[n]c(C)ccc1)CSc1[n][n][n][n]1C,0
ID_2708,CCOC(=O)c1c(c(sc1NC(=O)CSc1[n][n][n][n]1C)C)C,1
ID_1205,O=C(c1ccc2c(c1)OCCO2)CSc1[n][n][n][n]1C(C)C,0
ID_5191,O=C(Nc1ccccc1)CSc1[n][n][n][n]1c1ccc(OC)cc1,1
ID_7307,O=C(Nc1scc([n]1)c1ccc(Cl)cc1)CSc1[n][n][n][n]1c1cc(cc(c1)C)C,1
ID_7308,O=C(Nc1scc([n]1)c1ccc(F)cc1)CSc1[n][n][n][n]1c1cc(cc(c1)C)C,1
ID_1517,CCC(=O)Nc1c(C)cc(NC(=O)CSc2[n][n][n][n]2c2c[n]ccc2)cc1,1
ID_10296,O=C(Nc1ccc(F)cc1)CSc1[n][n][n][n]1C1CCCC1,1
ID_646,O[C@@H]([C@@H](NC(=O)c1ccccc1)c1ccccc1)C(=O)O[C@H]1C[C@]2(O)[C@H]([C@@H]3[C@](C)([C@H](O)C[C@H]4OC[C@]34OC(=O)C)C(=O)[C@H](C(=C1C)C2(C)C)OC(=O)C)OC(=O)c1ccccc1,0
ID_10298,O=C(C[C@H](N1CCCCC1)c1ccccc1)c1ccccc1,0
ID_4250,Fc1ccc(C[C@]2(N(C[C@@H]3CC(=O)[C@@H](CC(=O)C(=O)N4CCCC4)[C@H]23)C(=O)c2ccccc2)C(=O)OC)cc1,1
ID_4300,O=C1C[C@H]2CN(C(=O)c3ccccc3)[C@](Cc3ccc(OC)cc3)([C@H]2[C@@H]1CC(=O)C(=O)N1CCCC1)C(=O)OC,1
ID_10299,O=C(N1[C@H](CC(=O)c2ccccc2)C=Cc2c1cccc2)c1ccccc1,1
ID_519,C[C@]1(C[C@H]1[C@H](C(=O)Nc1cc2c(cc1)cccc2)C)[C@@H](NC(=O)C)c1ccccc1,1
ID_6780,O=C(Nc1cc2c(cc1)cccc2)[C@H](C)[C@@H]1C[C@@]1(C)[C@@H](N)c1ccccc1,1
ID_6764,C[C@H]([C@@H]1C[C@@]1(C)[C@@H](NC(=O)OCc1ccccc1)c1ccccc1)C(=O)NCC1CC1,1
ID_6767,C[C@H]([C@@H]1C[C@@]1(C)[C@@H](NC(=O)OCc1ccccc1)c1ccccc1)C(=O)NCCc1c[nH]c2c1cccc2,1
ID_6778,OC[C@@H](Cc1ccccc1)NC(=O)[C@H](C)[C@@H]1C[C@@]1(C)[C@H](c1ccccc1)NC(=O)OCc1ccccc1,1
ID_7365,C[C@H]([C@@H]1C[C@@]1(C)[C@@H](NC(=O)OCc1ccccc1)c1ccccc1)C(=O)NCc1cc(C)[n](C)[n]1,1
ID_6770,C[C@H]([C@@H]1C[C@@]1(C)[C@@H](NC(=O)OCc1ccccc1)c1ccccc1)C(=O)NCc1ccc(S(=O)(=O)C)cc1,1
ID_7755,C[C@H]([C@@H]1C[C@@]1(C)[C@@H](NC(=O)OCc1ccccc1)c1ccccc1)C(=O)NCc1ccc(C)c(c1F)F,1
ID_6773,C[C@H]([C@@H]1C[C@@]1(C)[C@@H](NC(=O)OCc1ccccc1)c1ccccc1)C(=O)NCc1ccccc1,1
ID_5486,C[C@H]([C@@H]1C[C@@]1(C)[C@@H](NC(=O)OCc1ccccc1)c1ccccc1)C(=O)NCc1cc(c(OC)cc1)OC,1
ID_6775,C[C@H]([C@@H]1C[C@@]1(C)[C@@H](NC(=O)OCc1ccccc1)c1ccccc1)C(=O)NCc1[n]cccc1,1
ID_7756,C[C@H]([C@@H]1C[C@@]1(C)[C@@H](NC(=O)OCc1ccccc1)c1ccccc1)C(=O)NCc1oc(C)cc1,1
ID_6777,C[C@H]([C@@H]1C[C@@]1(C)[C@@H](NC(=O)OCc1ccccc1)c1ccccc1)C(=O)NCc1[n]c2c([nH]1)cccc2,1
ID_6781,C[C@H]([C@@H]1C[C@@]1(C)[C@@H](NC(=O)OCc1ccccc1)c1ccccc1)C(=O)Nc1cc2c(cc1)cccc2,1
ID_6783,C[C@H]([C@@H]1C[C@@]1(C)[C@@H](NC(=O)c1c[n]ccc1)c1ccccc1)C(=O)Nc1cc2c(cc1)cccc2,1
ID_7252,C[C@H]([C@@H]1C[C@@]1(C)[C@@H](NC(=O)c1cc(C)[n][n]1C)c1ccccc1)C(=O)Nc1cc2c(cc1)cccc2,1
ID_6784,C[C@H]([C@@H]1C[C@@]1(C)[C@@H](NC(=O)c1c(Cl)c[n]cc1)c1ccccc1)C(=O)Nc1cc2c(cc1)cccc2,1
ID_6785,C[C@H]([C@@H]1C[C@@]1(C)[C@@H](NC(=O)c1[n]cc[n]c1)c1ccccc1)C(=O)Nc1cc2c(cc1)cccc2,1
ID_6786,O=C(Nc1cc2c(cc1)cccc2)[C@H](C)[C@@H]1C[C@@]1(C)[C@H](c1ccccc1)NS(=O)(=O)c1ccc(c2ccccc2)cc1,0
ID_6787,O=C(Nc1cc2c(cc1)cccc2)[C@H](C)[C@@H]1C[C@@]1(C)[C@H](c1ccccc1)NS(=O)(=O)c1ccccc1,1
ID_8606,O=C(Nc1cc2c(cc1)cccc2)[C@H](C)[C@@H]1C[C@@]1(C)[C@H](c1ccccc1)NS(=O)(=O)c1c(C)[n][n](C)c1Cl,1
ID_3926,O=C(C[C@H]1N(C)[C@H](C[C@H](O)c2ccccc2)CCC1)c1ccccc1,0
ID_4012,OC(=O)c1c(NC)ccc2oc(C[C@H]3O[C@@]4(CC[C@H]3C)[C@@H](C[C@H]([C@@H]([C@H](C)C(=O)c3[nH]ccc3)O4)C)C)[n]c12,1
ID_525,C[C@@]1(C[C@@H]1[C@H](C(=O)Nc1cc2c(cc1)cccc2)C)[C@H](NC(=O)C)c1ccccc1,1
ID_4221,C[C@H]([C@H]1C[C@]1(C)[C@H](NC(=O)OC)c1ccccc1)C(=O)Nc1cc2c(cc1)cccc2,1
ID_6765,C[C@H]([C@H]1C[C@]1(C)[C@H](NC(=O)OCc1ccccc1)c1ccccc1)C(=O)NCC1CC1,1
ID_6768,C[C@H]([C@H]1C[C@]1(C)[C@H](NC(=O)OCc1ccccc1)c1ccccc1)C(=O)NCCc1c[nH]c2c1cccc2,1
ID_6779,OC[C@@H](Cc1ccccc1)NC(=O)[C@H](C)[C@H]1C[C@]1(C)[C@@H](c1ccccc1)NC(=O)OCc1ccccc1,1
ID_7366,C[C@H]([C@H]1C[C@]1(C)[C@H](NC(=O)OCc1ccccc1)c1ccccc1)C(=O)NCc1cc(C)[n](C)[n]1,1
ID_6772,C[C@H]([C@H]1C[C@]1(C)[C@H](NC(=O)OCc1ccccc1)c1ccccc1)C(=O)NCc1c2c(ccc1)cccc2,1
ID_6774,C[C@H]([C@H]1C[C@]1(C)[C@H](NC(=O)OCc1ccccc1)c1ccccc1)C(=O)NCc1ccccc1,1
ID_6771,C[C@H]([C@H]1C[C@]1(C)[C@H](NC(=O)OCc1ccccc1)c1ccccc1)C(=O)NCc1ccc(S(=O)(=O)C)cc1,1
ID_7757,C[C@H]([C@H]1C[C@]1(C)[C@H](NC(=O)OCc1ccccc1)c1ccccc1)C(=O)NCc1ccc(C)c(c1F)F,1
ID_5487,C[C@H]([C@H]1C[C@]1(C)[C@H](NC(=O)OCc1ccccc1)c1ccccc1)C(=O)NCc1cc(c(OC)cc1)OC,1
ID_6776,C[C@H]([C@H]1C[C@]1(C)[C@H](NC(=O)OCc1ccccc1)c1ccccc1)C(=O)NCc1[n]cccc1,1
ID_6769,C[C@H]([C@H]1C[C@]1(C)[C@H](NC(=O)OCc1ccccc1)c1ccccc1)C(=O)NCc1c[n]c(C(F)(F)F)cc1,1
ID_7758,C[C@H]([C@H]1C[C@]1(C)[C@H](NC(=O)OCc1ccccc1)c1ccccc1)C(=O)NCc1oc(C)cc1,1
ID_6788,C[C@H]([C@H]1C[C@]1(C)[C@H](NC(=O)OCc1ccccc1)c1ccccc1)C(=O)Nc1cc2c(cc1)cccc2,1
ID_6789,C[C@H]([C@H]1C[C@]1(C)[C@H](NC(=O)Oc1ccc(F)cc1)c1ccccc1)C(=O)Nc1cc2c(cc1)cccc2,1
ID_6790,C[C@H]([C@H]1C[C@]1(C)[C@H](NC(=O)c1c[n]ccc1)c1ccccc1)C(=O)Nc1cc2c(cc1)cccc2,1
ID_7253,C[C@H]([C@H]1C[C@]1(C)[C@H](NC(=O)c1cc(C)[n][n]1C)c1ccccc1)C(=O)Nc1cc2c(cc1)cccc2,1
ID_7254,C[C@H]([C@H]1C[C@]1(C)[C@H](NC(=O)c1cc(C)o[n]1)c1ccccc1)C(=O)Nc1cc2c(cc1)cccc2,1
ID_6793,O=C(Nc1cc2c(cc1)cccc2)[C@H](C)[C@H]1C[C@]1(C)[C@@H](c1ccccc1)NS(=O)(=O)c1ccc(c2ccccc2)cc1,1
ID_6794,O=C(Nc1ccc2c(c1)cccc2)[C@H](C)[C@H]1C[C@]1(C)[C@@H](c1ccccc1)NS(=O)(=O)c1ccc2c(c1)cccc2,1
ID_6795,O=C(Nc1cc2c(cc1)cccc2)[C@H](C)[C@H]1C[C@]1(C)[C@@H](c1ccccc1)NS(=O)(=O)c1ccccc1,1
ID_1290,O=C(C[C@@H]1NC(=O)CCC1(C)C)C[C@H]1NC(=O)CCC1(C)C,0
ID_10300,O=C(C[N+]1(c2ccccc2)CCOCC1)c1ccccc1,0
ID_7073,O=C(OCCCc1ccccc1)C[N+]1(C)CCOCC1,0
ID_3118,O=C(Nc1c(C)cccc1C)C[N+](Cc1ccccc1)(CC)CC,0
ID_10301,O=C(C[n+]1ccc2c(c1)cccc2)c1ccc2c(c1)c1ccccc1cc2,0
ID_3562,O=C(Nc1c(Cl)cc(N(=O)=O)cc1)C[n+]1ccc(N(C)C)cc1,0
ID_3561,O=C(Nc1cc(C(F)(F)F)ccc1Cl)C[n+]1ccc(N(C)C)cc1,0
ID_7507,O=C(Nc1cc(C(F)(F)F)ccc1Cl)C[n+]1ccc(C)cc1,0
ID_8263,O=C(Nc1c(Cl)cc(N(=O)=O)cc1)C[n+]1ccccc1C,0
ID_9548,NC(=O)c1ccc[n+](CC(=O)OCCC23CC4CC(CC(C4)C2)C3)c1,0
ID_8083,O=C(C[n+]1cccc(C)c1)c1cc2c(oc1=O)cccc2,0
ID_7304,O=C(C[n+]1cc(cc(C)c1)C)c1cc2c(oc1=O)cccc2,0
ID_7159,Brc1ccc(C(=O)C[n+]2c(C)c(CCOC(=O)C3C4CC5CC(C4)CC3C5)sc2)cc1,1
ID_9031,OC(=O)c1[n](C)c2c(c1CC(=O)NCC1Oc3c(OC1)cccc3)cccc2,0
ID_5483,OC(=O)c1[nH]c2c(c1CC(=O)NCc1ccc(OC)cc1)cccc2,0
ID_9032,OC(=O)c1[n](C)c2c(c1CC(=O)NCc1ccc[n]c1)cccc2,0
ID_10303,O=C(COC(=O)Cc1c[nH]c2c1cccc2)c1ccccc1,1
ID_5939,OC(=O)C1CCC(CNC(=O)Cc2cc(=O)oc3cc(OC)ccc23)CC1,0
ID_8347,O=C(Nc1c(C)cccc1)Cc1c(O)c2c([nH]c1=O)cccc2,0
ID_5319,O=C(c1cc(c(cc1)OC)OC)NNC(=O)Cc1ccc(c2ccccc2)cc1,1
ID_10304,O=C(Cc1ccc([n]2c(=O)c3c([nH]c2=O)cccc3)cc1)N1CCN(c2cc(Cl)ccc2)CC1,1
ID_710,CC(=O)c1cc(NC(=O)Cc2cc3c(cc2)CCCC3)ccc1,0
ID_10311,O=C(Nc1c(Br)cccc1)Cc1cc2c(cc1)CCCC2,0
ID_11351,O=C(c1[n]c2c([nH]c1=O)cc(N(=O)=O)cc2)[C@@H](O)c1ccc2c(c1)OCO2,0
ID_96,O=C(Cc1ccc[n]1C)N\N=C(\C)/c1ccccc1,0
ID_9123,O=C(Cc1[n](C)ccc1)N\N=C/c1sccc1,0
ID_8343,CC(C(=O)Nc1c(C)cccc1)c1cc(C(=O)c2ccccc2)ccc1,1
ID_10312,O=C(Cc1ccccc1)N\N=C\C=C\c1cc(N(=O)=O)ccc1,0
ID_2853,CCOc1c(OC)cc(Br)c(/C=N/NC(=O)Cc2c(N(=O)=O)cc(C(F)(F)F)cc2)c1,1
ID_115,O=C(Cc1ccccc1)N\N=C(/C)\c1sccc1,0
ID_10314,O=C(Cc1ccccc1)N\N=C/c1oc(Br)cc1,0
ID_10308,Clc1ccc(CC(=O)N2CCN(C(=O)c3occc3)CC2)cc1,0
ID_7734,O=C(Cc1ccc(C)cc1)N1CCN(c2cc(C(F)(F)F)ccc2)CC1,1
ID_10315,O=C(NC(=S)Nc1cc(C(F)(F)F)ccc1Cl)Cc1ccccc1,0
ID_5418,O=C(NC(=S)Nc1ccc(S(=O)(=O)NC(C)(C)C)cc1)Cc1ccc(OC)cc1,1
ID_6892,O=C(NC(c1ccc(c2ccccc2)cc1)[C@]1(C)C[C@H]1C1CCCCC1)Cc1ccc(C(F)(F)F)cc1,0
ID_1897,CCCC[C@@H]1C[C@H]1C(NC(=O)Cc1ccccc1)c1ccc(Cl)cc1,1
ID_663,CC(=O)Oc1c(c2c(cc1)cccc2)C(NC(=O)Cc1ccccc1)c1ccc(Cl)cc1,1
ID_4838,O=C1N2C(=C(CO[C@H]2[C@@]1(OC)NC(=O)[C@@H](c1ccc(O)cc1)C(=O)O)CSc1[n][n][n][n]1C)C(=O)O,0
ID_10319,OC(=O)c1ccc(S(=O)(=O)N2CCC(NC(=O)Cc3ccccc3)CC2)cc1,0
ID_7609,Cc1c(cc(C(=O)COC(=O)CNC(=O)Cc2ccccc2)cc1)N(=O)=O,0
ID_5419,O=C(NCCN1CCCC1)Cc1ccc(OC)cc1,0
ID_10322,O=C(NCCSCc1c(F)cccc1Cl)Cc1c(N(=O)=O)cccc1,1
ID_5871,O=C(Cc1ccc(c(c1)OC)OC)NC(C(Cl)(Cl)Cl)NC(=S)Nc1cc(N(=O)=O)ccc1OC,1
ID_10316,O=C(Cc1ccccc1)NC(C(Cl)(Cl)Cl)NC(=S)Nc1cc(Cl)ccc1Cl,1
ID_10317,O=C(NC(NCCc1ccccc1)C(Cl)(Cl)Cl)Cc1ccccc1,1
ID_10318,O=C(NC(Nc1c2c(ccc1)cccc2)C(Cl)(Cl)Cl)Cc1ccccc1,1
ID_1611,COC(=O)c1ccc(C(NC(=O)Cc2ccccc2)\C(=C\CCC)\CCC)cc1,1
ID_1427,O=C(Cc1ccccc1)NN=C1CCC(C)CC1,0
ID_10309,Clc1ccc(CC(=O)NNC(=O)Nc2c3c(ccc2)cccc3)cc1,0
ID_8760,Cc1occc1C(=O)NNC(=O)Cc1ccccc1,0
ID_3361,OC(=O)COc1cc([C@H](CN2CCCC2)N(C)C(=O)Cc2ccc(c(c2)Cl)Cl)ccc1,0
ID_10320,O=C(N[C@H](c1[n]c2c([nH]1)cccc2)Cc1ccccc1)Cc1ccccc1,1
ID_9155,O=C1N2C(=C(CSc3[n][n][n][n]3C)CS[C@H]2[C@@H]1NC(=O)[C@H](c1ccccc1)O)C(=O)O,0
ID_9694,NCc1c(CC(=O)N[C@@H]2C(=O)N3C(=C(CSc4[n][n][n][n]4CC(=O)O)CS[C@@H]23)C(=O)O)cccc1,0
ID_1375,OC(=O)C1=C(C)CS[C@@H]2N1C(=O)[C@H]2NC(=O)[C@@H](N)c1ccc(O)cc1,0
ID_1376,OC(=O)C1=C(C)CS[C@@H]2N1C(=O)[C@H]2NC(=O)[C@@H](N)c1ccccc1,0
ID_9808,OC(=O)C1=C(Cl)CS[C@@H]2N1C(=O)[C@H]2NC(=O)[C@@H](N)c1ccccc1,0
ID_9807,OC(=O)C1=C(Cl)CS[C@@H]2N1C(=O)[C@H]2NC(=O)[C@@H](N)c1ccccc1,0
ID_358,OC(=O)[C@@H]1N2C(=O)[C@@H](NC(=O)[C@@H](N=C)c3ccccc3)[C@H]2SC1(C)C,0
ID_2660,CCOC(=O)O[C@@H](C)OC(=O)[C@@H]1N2C(=O)[C@@H](NC(=O)[C@@H](N)c3ccccc3)[C@H]2SC1(C)C,1
ID_1337,OC(=O)[C@@H]1N2C(=O)[C@@H](NC(=O)[C@@H](N)c3ccc(O)cc3)[C@H]2SC1(C)C,0
ID_739,N[C@@H](c1ccccc1)C(=O)N[C@@H]1C(=O)N2[C@@H](C(=O)OCOC(=O)C(C)(C)C)C(S[C@H]12)(C)C,1
ID_1335,OC(=O)[C@H]1N2C(=O)[C@@H](NC(=O)Cc3ccccc3)[C@H]2SC1(C)C,0
ID_1336,OC(=O)[C@@H]1N2C(=O)[C@@H](NC(=O)Cc3ccccc3)[C@H]2SC1(C)C,0
ID_1339,N[C@@H](c1ccccc1)C(=O)N[C@@H]1C(=O)N2[C@@H](C(=O)O[C@H]3OC(=O)c4c3cccc4)C(S[C@H]12)(C)C,1
ID_3363,O=C(Cc1cc(c(cc1)Cl)Cl)N(C)[C@H]1[C@H](N2CCCC2)CCCC1,1
ID_3362,O=C(Cc1cc(c(cc1)Cl)Cl)N(C)[C@H]1[C@H](N2CCCC2)CCCC1,1
ID_3365,S=C=Nc1cc([C@@H](CN2CCCC2)N(C)C(=O)Cc2ccc(c(c2)Cl)Cl)ccc1,1
ID_3366,O=C(Cc1cc(c(cc1)Cl)Cl)N(C)[C@H](CN1CCCC1)c1ccccc1,1
ID_4424,O=C(Nc1scc(c1C(=O)OC)c1cc2c(cc1)cccc2)Cc1cc(c(cc1)OC)OC,1
ID_5421,O=C(Nc1ccc(c2oc(c3ccccc3)[n][n]2)cc1)Cc1ccc(OC)cc1,0
ID_2926,NC(=O)c1c(C)c(Cc2ccccc2)sc1NC(=O)Cc1cc(c(OCC)cc1)OCC,1
ID_6357,O=C(Nc1cc2oc3c(c2cc1OC)cccc3)Cc1ccccc1OC,1
ID_5422,O=C(Nc1cc(ccc1)c1oc(c2occc2)[n][n]1)Cc1ccc(OC)cc1,1
ID_10310,O=C(Nc1cc(ccc1)c1oc(c2occc2)[n][n]1)Cc1ccc(Cl)cc1,1
ID_5423,C\C(=N/NC(=O)c1cc(N(=O)=O)ccc1)\c1cc(NC(=O)Cc2ccc(OC)cc2)ccc1,1
ID_1692,CCCCC#Cc1c(CC(=O)Nc2ccccc2)cccc1,1
ID_8119,O=CNC(c1c(Cl)cccc1)C(=O)Nc1c(C)cccc1C,1
ID_5621,CC(=O)NCC(=O)N(C)C(c1ccc(OC)cc1)C(=O)Nc1ccc(OC)cc1,0
ID_4160,COC(=O)CSC(c1ccccc1)C(=O)Nc1cc(c(cc1)C)C,1
ID_10321,O=C(Nc1ccccc1)Cc1c(I)cccc1,0
ID_10305,O=C(Nc1c(Sc2ccccc2)cccc1)Cc1ccc(Br)cc1,1
ID_2158,CCN(C(=O)Cc1c(OC)cccc1)c1sc(c2cc[n]cc2)[n][n]1,0
ID_3054,CCSc1sc(NC(=O)Cc2cc(c(cc2)OC)OC)[n][n]1,0
ID_3055,CCSc1sc(NC(=O)Cc2c(OC)cccc2)[n][n]1,0
ID_6358,O=C(O/N=C(\N)/Cc1c2c(ccc1)cccc2)Cc1c(OC)cccc1,1
ID_5381,O=C(O/N=C(\N)/Cc1cc(c(OC)cc1)OC)Cc1ccccc1,1
ID_5424,O=C(O/N=C(\N)/Cc1ccc(OC)cc1)Cc1ccc(OC)cc1,1
ID_9434,O=C(Cc1ccc(Cl)cc1)O/N=C(\N)/c1c[n]ccc1,1
ID_6850,O=C(O[C@H]1C[C@@H](C)N(C)C(C1)(C)C)[C@@H](O)c1ccccc1,0
ID_4929,O=C(OC1CCOC1=O)Cc1cc(c(OC)c(OC)c1)OC,0
ID_7083,OC[C@@H](c1ccccc1)C(=O)OC1C[C@H]2N(=O)(C)[C@@H](CC2)C1,0
ID_7071,OC[C@@H](c1ccccc1)C(=O)OC1C[C@H]2[N+](C)(C)[C@@H](CC2)C1,0
ID_3929,OC[C@@H](c1ccccc1)C(=O)OC1C[C@@H]2N(C)[C@H]([C@H]3O[C@@H]23)C1,0
ID_3928,OC[C@@H](c1ccccc1)C(=O)OC1C[C@H]2N(C)[C@@H](C1)[C@H]1O[C@@H]21,0
ID_1918,OC[C@@H](c1ccccc1)C(=O)OC1C[C@H]2[N+](C)(CCCC)[C@@H](C1)[C@H]1O[C@@H]21,0
ID_7068,OC[C@@H](c1ccccc1)C(=O)OC1C[C@H]2[N+](C)(C)[C@@H](C1)[C@H]1O[C@@H]21,0
ID_3932,OC[C@@H](c1ccccc1)C(=O)OC1C[C@H]2N(C)[C@H](CC2)C1,0
ID_6798,O=C(OC1C[C@H]2N(C)[C@H](CC2)C1)[C@H](C)c1ccc(Br)cc1,0
ID_7082,OC[C@@H](c1ccccc1)C(=O)OC1C[C@H]2N(=O)(C)[C@H](CC2)C1,0
ID_7069,OC[C@@H](c1ccccc1)C(=O)OC1C[C@H]2[N+](C)(C)[C@H](CC2)C1,0
ID_3924,OC[C@@H](c1ccccc1)C(=O)OC1C[C@H]2N(C)[C@@H]([C@H]3O[C@@H]23)C1,0
ID_3925,OC[C@H](c1ccccc1)C(=O)OC1C[C@H]2N(C)[C@@H]([C@H]3O[C@@H]23)C1,0
ID_7067,OC[C@@H](c1ccccc1)C(=O)OC1C[C@H]2[N+](C)(C)[C@@H]([C@H]3O[C@@H]23)C1,0
ID_10306,Brc1ccc(CC(=O)OCC(=O)c2cc3c(cc2)OCCO3)cc1,0
ID_4950,O=C(Cc1c(Cl)cc(c(c1)OC)OC)c1c[nH]c2c1cccc2,1
ID_2909,CCOc1ccc(C(=O)Cc2c(N(=O)=O)cc(c(c2)OC)OC)cc1,1
ID_2464,CCOC(=O)C(c1[n]cc(cc1Cl)C(F)(F)F)C(=O)NCc1ccc(C)cc1,1
ID_7832,O=C(Nc1ccc(C)c(c1)Cl)Cc1[n]cc(C(F)(F)F)cc1Cl,1
ID_730,O=C(c1ccc[n]c1)C(c1ccc[n]c1)(C)C,1
ID_10323,Br/C(=C\c1ccccc1)/C=N/NC(=O)Cc1sccc1,0
ID_368,O=C(Cc1sccc1)N\N=C\C(=C\c1occc1)\C,0
ID_7785,O=C(Cc1sccc1)N1CCC(c2[nH]c(=O)c3[n][n][n](Cc4ccc(C)cc4)c3[n]2)CC1,1
ID_10324,O=C(Cc1sccc1)N1CCC(c2[nH]c(=O)c3[n][n][n](Cc4c(Cl)cccc4)c3[n]2)CC1,1
ID_3173,CCc1ccc(C(N(CCOC)C(=O)Cc2sccc2)C(=O)NCc2ccc(OC)cc2)cc1,1
ID_4837,OC(=O)C1=C(COC(=O)N)CS[C@@H]2N1C(=O)[C@]2(OC)NC(=O)Cc1sccc1,0
ID_10325,O=C(Cc1sccc1)NNC(=S)NCc1ccc(Cl)cc1,1
ID_9541,OC(=O)C1=C(C[n+]2ccc(C(=O)N)cc2)CS[C@@H]2N1C(=O)[C@H]2NC(=O)Cc1sccc1,0
ID_612,OC(=O)C1=C(COC(=O)C)CS[C@@H]2N1C(=O)[C@H]2NC(=O)Cc1sccc1,0
ID_8059,O=C(Nc1ccc(c2[n]c3cc(C)ccc3[nH]2)cc1)Cc1sccc1,0
ID_7533,O=C(Nc1cc(c2oc3c([n]2)cccc3)ccc1C)Cc1sccc1,0
ID_8080,O=C(Nc1cc(c2oc3ccc(cc3[n]2)C)ccc1C)Cc1sccc1,0
ID_2630,CCOC(=O)N1CCN(C(=O)Cc2ccsc2)CC1,0
ID_1341,O=C1N2[C@@H](C(=O)O)C(S[C@@H]2[C@@H]1NC(=O)[C@@H](c1ccsc1)C(=O)O)(C)C,0
ID_5965,Clc1ccc(C(=O)[n]2c(C)c(CC(=O)N3CCOCC3)c3cc(OC)ccc23)cc1,1
ID_8030,O=C(OCc1cc(=O)[n]2c3c(sc2[n]1)cccc3)Cc1coc2cc(C)ccc12,1
ID_7858,O=C(Cc1[n]c(sc1)NC(=S)Nc1ccc(C)cc1)Nc1ccccc1,1
ID_6493,O=C(Cc1[n]c(sc1)NC(=S)Nc1ccc(C)cc1)Nc1c(OC)cccc1,1
ID_5223,O=C(Cc1[n]c(Nc2cc(C(F)(F)F)ccc2)sc1)N\N=C\c1ccc(OC)c(C)c1,1
ID_5222,O=C(Cc1[n]c(Nc2cc(C(F)(F)F)ccc2)sc1)N\N=C\c1c(cc(OC)cc1)OC,1
ID_2994,CCOc1c(/C=N/NC(=O)Cc2[n]c(Nc3cc(C(F)(F)F)ccc3)sc2)cccc1,1
ID_7752,O=C(NCc1ccc(C)cc1)Cc1[n]c(Nc2[n]c(=S)[nH]c3c2cccc3)sc1,1
ID_10326,O=C(NCc1cc(Cl)ccc1)Cc1[n]c(Nc2[n]c(=S)[nH]c3c2cccc3)sc1,1
ID_5484,O=C(NCc1ccc(OC)cc1)Cc1[n]c(Nc2[n]c(=S)[nH]c3c2cccc3)sc1,1
ID_7498,O=C([C@@H](C)c1[n]c2c([nH]c1=O)cc(c(c2)C)C)c1ccc(Cl)cc1,0
ID_2331,N#CC(c1c(N2CCN(CC)CC2)[n]c2c([n]1)cccc2)C(=O)OC1CCCCC1,1
ID_2089,CCCc1cc(C(=O)Cc2sc3c([n]2)cccc3)c(cc1O)O,1
ID_9035,C[n]1c(CC(=O)Nc2cc(c(cc2)Cl)Cl)[n][n]c1SCC(=O)N1CCN(c2ccccc2)CC1,1
ID_3275,CC[n]1c(CC(=O)Nc2ccc(C)cc2)[n][n]c1SCC(=O)Nc1scc([n]1)C,1
ID_3273,CC[n]1c(CC(=O)Nc2ccc(C)c(c2)Cl)[n][n]c1SCc1cc(c(cc1)Cl)Cl,1
ID_1957,CCCN(C(=O)Cc1[nH]c(N)[n][n]1)C1(C(=O)Nc2c(C)cccc2)CCCCC1,1
ID_10024,O=C(Cc1sc(N)[n][n]1)N\N=C\c1cc(N(=O)=O)ccc1,1
ID_10327,O=C(Nc1cc(F)ccc1F)C[n]1c2c([n]c1c1[n]csc1)cccc2,1
ID_1486,O=C(C[n]1c2c(c(O)cc1=O)cccc2)N1C(C)Cc2c1cccc2,1
ID_3169,CCc1ccc([n]2c(=O)c3c(C)c(sc3[n](CC(=O)NCc3occc3)c2=O)C(=O)N(C)C)cc1,0
ID_7551,O=C(NCc1occc1)C[n]1c2ccsc2c(=O)[n](c2cc(F)c(C)cc2)c1=O,0
ID_10328,O=C(C[n]1c(=O)[n](Cc2occc2)c(=O)c2c3c(sc12)CCCCC3)c1ccccc1,1
ID_7753,O=C(NCc1oc(C)cc1)C[n]1c2c(oc1=O)cccc2,0
ID_10331,O=C(N1CCc2c(C1)cccc2)CSc1[n]c2c([n]1CC(=O)NC1CCCC1)cccc2,1
ID_10332,O=C(C[n]1c2c([n]c1SCc1ccccc1)cccc2)N1CCOCC1,1
ID_10330,O=C(Nc1ccc2c(c1)OCO2)C[n]1c(O)c(/C=C2\C=Nc3c2cccc3)sc1=O,0
ID_5457,Nc1[n](CC(=O)Nc2c(C)cccc2)[n][n]c1C(=O)NCCc1cc(c(OC)cc1)OC,1
ID_2958,CCOc1ccc(NC(=O)C[n]2[n][n]c(c2N)C(=O)NCc2c(OC)cccc2)cc1,1
ID_2965,CCOc1ccc(NC(=O)c2[n][n][n](CC(=O)Nc3c(OC)cccc3)c2N)cc1,0
ID_7701,Nc1[n](CC(=O)Nc2cc(C)ccc2C)[n][n]c1C(=O)Nc1c(cccc1C)C,1
ID_10333,O=C(c1c[n](CC(=O)NCc2occc2)c2c1cccc2)c1occc1,1
ID_10335,OC(=O)c1c(O)cc(NC(=O)C[n]2ccc(=O)[nH]c2=O)cc1,0
ID_1106,C[n]1ccc2[n](CC(=O)N3CCC(Cc4ccccc4)CC3)c(cc12)C(=O)OC(C)C,1
ID_2733,CCOC(=O)c1cc2[n](C)ccc2[n]1CC(=O)N1CCCC(C)C1,1
ID_3215,CCc1cccc2c(C=C(C#N)C#N)c[n](CC(=O)N3CCCC3)c12,0
ID_3216,CCc1cccc2c(C=C(C#N)C#N)c[n](CC(=O)N3CCCCC3)c12,0
ID_3217,CCc1cccc2c(C=C(C#N)C#N)c[n](CC(=O)N3CCCCCC3)c12,1
ID_714,CC(=O)c1c[n](CC(=O)Nc2c(C)cccc2C)c2c1cccc2,1
ID_7487,O=c1[n](CC(=O)NCC(=O)N2CCCC2)c(C)cc2c1cccc2,0
ID_2734,CCOC(=O)c1[n](CC(=O)N2CCN(C(=O)c3occc3)CC2)c2c(sc(C)c2)c1,1
ID_5649,O=C(Nc1c(cc(OC)cc1)OC)C[n]1cccc1,0
ID_10336,O=C(c1ccccc1)c1[n](CC(=O)NCc2sccc2)ccc1,1
ID_10334,O=C(C[n]1cc(C(F)(F)F)ccc1=O)N1CCN(S(=O)(=O)c2ccccc2)CC1,0
ID_3475,Fc1ccc(C(=O)C([n]2ccccc2=O)C(=O)NCCN(C)C)cc1,0
ID_10344,O=C(N\N=C\c1ccc2c(c1)OCO2)C[n]1[n]c(cc1C(F)F)C(F)F,1
ID_6586,O=C(N\N=C\c1cccc2c1cccc2)C(C)[n]1[n]c(OC)c(c1)N(=O)=O,1
ID_6585,O=C(N\N=C\c1ccc(O)cc1)C(C)[n]1[n]c(OC)c(c1)N(=O)=O,0
ID_4889,O=C(N\N=C\c1cc(Br)cc(c1O)OC)C(C)[n]1[n]c(c(c1)N(=O)=O)OC,1
ID_8388,O=C(N\N=C\c1occc1)C[n]1[n]ccc1C,0
ID_7588,O=C(N\N=C\c1oc(C)cc1)C[n]1[n]ccc1C,0
ID_7337,O=C(N\N=C\c1oc(C)cc1)C[n]1[n]c(cc1C)C,0
ID_7338,O=C(N\N=C\c1occc1)C[n]1[n]c(cc1C)C,0
ID_8611,O=C(C[n]1[n]c(c(c1C)N(=O)=O)C)N1CCOCC1,0
ID_1487,O=C(C[n]1[n]cc(c1)N(=O)=O)N1C(C)Cc2c1cccc2,0
ID_8612,O=C(NCCN1CCOCC1)C[n]1[n]c(c(c1C)N(=O)=O)C,0
ID_7135,O=C(NCc1[n]cccc1)C[n]1[n]c(N(=O)=O)c(Br)c1C,0
ID_7136,O=C(NCc1sccc1)C[n]1[n]c(N(=O)=O)c(Br)c1C,0
ID_6219,O=C(C(C)[n]1[n]c(c(c1C)N(=O)=O)C)NNC(=S)Nc1cc(OC)ccc1,0
ID_7162,O=C(Nc1c(=O)[n](c2ccccc2)[n](C)c1C)C[n]1[n]c(N(=O)=O)c(Cl)c1C,0
ID_7183,O=C(Nc1c(C)[n](C)[n](c2ccccc2)c1=O)C[n]1ccc([n]1)N(=O)=O,0
ID_2709,CCOC(=O)c1c2c(sc1NC(=O)C[n]1[n]cc(c1)N(=O)=O)CCC2,1
ID_4434,COC(=O)c1c2c(sc1NC(=O)C[n]1[n]cc(c1)N(=O)=O)CCC2,1
ID_2710,CCOC(=O)c1c2CCC(Cc2sc1NC(=O)C[n]1[n]c(N(=O)=O)c(Br)c1C)C,0
ID_8601,N#Cc1c2c(sc1NC(=O)C(C)[n]1[n]c(c(c1C)N(=O)=O)C)CCCC2,1
ID_7133,O=C(Nc1ccc2c(c1)OCO2)C(C)[n]1[n]c(N(=O)=O)c(Br)c1C,1
ID_703,CC(=O)c1ccc(NC(=O)C[n]2[n]c(cc2C)C)cc1,0
ID_7833,O=C(Nc1cc(c(cc1)C)C)C[n]1[n]c(N(=O)=O)c(Br)c1C,0
ID_3221,CCc1c(NC(=O)C(C)[n]2[n]c(N(=O)=O)c(Br)c2C)cccc1,1
ID_8600,O=C(Nc1[n]cc(Cl)cc1)C(C)[n]1[n]c(c(c1C)N(=O)=O)C,1
ID_7134,O=C(Nc1scc[n]1)C(C)[n]1[n]c(N(=O)=O)c(Br)c1C,1
ID_10338,O=C(NCc1ccc(F)cc1)C[n]1cc([n]c1)N(=O)=O,0
ID_8579,O=C(NCc1ccccc1)C[n]1c(C)[n]cc1N(=O)=O,0
ID_7699,O=C(Nc1cc(C)ccc1C)C[n]1c([n]cc1N(=O)=O)C,0
ID_5650,NC(=O)c1[n][n][n](CC(=O)Nc2c(cc(OC)cc2)OC)c1N,0
ID_5452,O=C(NCCc1cc(c(cc1)OC)OC)C[n]1c[n]c2[n](c(=O)[n](c(=O)c12)C)C,1
ID_8348,O=C(Nc1c(C)cccc1)C[n]1c[n]c2[n](c(=O)[n](c(=O)c12)C)C,0
ID_5578,O=C(Nc1sc(Cc2cc(c(cc2)OC)OC)[n][n]1)C[n]1c[n]c2[n](c(=O)[n](c(=O)c12)C)C,0
ID_7567,O=C(NCC1OCCC1)C[n]1c[n]c2c(c[n][n]2c2ccc(C)cc2)c1=O,0
ID_10340,O=C(NCc1occc1)C[n]1c[n]c2c3c(oc2c1=O)cccc3,0
ID_8517,O=C(N/N=C\C=C\c1ccccc1)C[n]1c2c([n]c1C)cccc2,0
ID_371,O=C(N\N=C/C(=C/c1ccccc1)/C)C[n]1c2c([n]c1C)cccc2,0
ID_8518,O=C(N\N=C/c1[n]cccc1)C[n]1c2c([n]c1C)cccc2,0
ID_10342,O=C(NC(c1ccccc1)c1ccccc1)C[n]1c[n]c2c1cccc2,1
ID_811,O=C(Oc1ccc(C(C)(C)C)cc1)C[n]1c2c([n]c1C(F)(F)F)cccc2,0
ID_10329,O=C(C[n]1c2c([n]c1C(F)(F)F)cccc2)c1ccccc1,0
ID_4949,Clc1c(C)cc(NC(=O)CNC(=O)C[n]2c[n]c3c(c2=O)cccc3)c(OC)c1,0
ID_10341,O=C(Nc1ccc2c(c1)OCO2)C[n]1c[n]c2c(c1=O)ccc(Cl)c2,0
ID_10343,O=C(Nc1sc(SCc2ccccc2)[n][n]1)C[n]1c[n]c2c(c1=O)cccc2,0
ID_2115,CCCc1sc(NC(=O)C[n]2c[n]c3c(c2=O)cccc3)[n][n]1,0
ID_8794,O=c1[n](CC(=O)NCCCC(=O)N2CCN(c3[n]ccc[n]3)CC2)c[n]c2sc(c(c12)C)C,1
ID_6494,O=C(Nc1c(OC)cccc1)C[n]1c[n]cc1c1ccc(N(=O)=O)cc1,1
ID_10339,O=C(N\N=C\c1c(O)cccc1)C[n]1[n]c([n]c1)N(=O)=O,0
ID_1231,O=C(NC(C)c1ccccc1)C[n]1[n]c([n]c1)N(=O)=O,0
ID_6956,O=C(N[C@@H](C)c1ccccc1)C[n]1[n]c[n]c1,0
ID_8640,OC(=O)C1=C(CSc2sc(C)[n][n]2)CS[C@@H]2N1C(=O)[C@H]2NC(=O)C[n]1[n][n][n]c1,0
ID_3254,CC[n]1c([n][n](CC(=O)Nc2c(OC)cccc2)c1=S)c1c(Cl)cccc1,1
ID_3253,CC[n]1c([n][n](CC(=O)Nc2ccc(OC)cc2)c1=S)c1c(Cl)cccc1,1
ID_7837,N#Cc1c(c([n][n](CC(=O)NNC(=O)Nc2ccc(C)cc2)c1=O)c1ccccc1)c1ccccc1,0
ID_7538,O=C(NCc1cc(ccc1C)c1[n][n](C)c(=O)c2ccccc12)C[n]1[n]c(c2ccccc2)c2c(c1=O)cccc2,0
ID_7520,O=C(C[n]1[n]c(c2ccc(C)cc2)ccc1=O)N1CC(N(c2cc(ccc2)C)CC1)C,1
ID_1978,CCCN1CCN(CCCNC(=O)C[n]2[n]c(c3ccc(C)cc3)ccc2=O)CC1,0
ID_1437,O=C(NCCN1C(C)CCCC1C)C[n]1[n]c(c2ccccc2)ccc1=O,0
ID_5062,O=C(Nc1sc(C(C)C)[n][n]1)C[n]1[n]c(c2cc(c(cc2)OC)OC)ccc1=O,0
ID_4474,COC(=O)c1ccc(NC(=O)C[n]2[n]c([n]c2SCC(=O)Nc2scc[n]2)c2cc[n]cc2)cc1,1
ID_3188,CCc1ccc(NC(=O)C[n]2[n]c(c3c2CCC3)C(F)(F)F)cc1,1
ID_10345,O=C(C[n]1[n]cc2ccsc2c1=O)N1CCC2(OCCO2)CC1,0
ID_2625,O=c1c2c3c(sc2c(C)[n][n]1C(CC)C(=O)N1CCN(C(=O)OCC)CC1)cccc3,1
ID_6201,Cc1ccc(c2[n][n][n](CC(=O)N(C(c3c[nH]c4c3cccc4)C(=O)NC(C)(C)C)c3cc(OC)ccc3)[n]2)cc1,1
ID_933,O=C(CC(C)C)Nc1c(c2[n][n][n](CC(=O)N3CCc4c(C3)cccc4)[n]2)cccc1,0
ID_3367,O=C(C[n]1[n]c([n][n]1)c1cc(C(F)(F)F)ccc1)N(C)C1CCCCC1,0
ID_946,Fc1c(c2[n][n][n](CC(=O)N(CC(=O)NCCC(C)C)c3c4c(ccc3)CCCC4)[n]2)cccc1,1
ID_1546,CCC(N(c1c2c(ccc1)CCCC2)C(=O)C[n]1[n]c([n][n]1)c1c(F)cccc1)C(=O)NC(C)(C)C,1
ID_2886,O=C(Nc1cc(OC)ccc1OC)C[n]1[n]c([n][n]1)c1ccc(c(c1)OCC)OCC,1
ID_10346,O=C(OCc1ccccc1)C[n]1[n]c([n][n]1)c1ccccc1,0
ID_1876,CCCCOc1ccc(c2[n][n][n](CC(=O)c3c[nH]c4c3cccc4)[n]2)cc1,0
ID_6495,O=c1oc2c(cc1C(=O)Nc1c(c3[n][n][n](CC(=O)Nc4c(OC)cccc4)[n]3)cccc1)cccc2,1
ID_1547,CCC(N(c1cc2c([n]c1)cccc2)C(=O)C[n]1[n]c([n][n]1)c1sccc1)C(=O)NC(C)(C)C,1
ID_7614,O=C(C[n]1[n][n]c2c3c(c4ccccc4)c4c([n]c3sc2c1=O)CCC4)c1ccc(C)cc1,0
ID_5591,COc1ccc(N(C(=O)C[n]2[n][n]c3c2cccc3)C2(C(=O)NC3CCCC3)CCCCC2)cc1,1
ID_10347,O=C(N/N=C\C=C\c1ccccc1)C[n]1[n][n]c2c1cccc2,0
ID_10348,O=C(C[n]1[n][n]c2c1cccc2)N1CCCCC1,0
ID_1636,CCC1(C)OCc2sc3[n][n][n](CC(=O)Nc4cccc5c4cccc5)c(=O)c3c2C1,1
ID_1635,CCC1(C)OCc2sc3[n][n][n](CC(=O)Nc4ccc(C)cc4)c(=O)c3c2C1,1
ID_10349,O=C(N/C(=C/c1ccc(Br)cc1)/c1[n]c2c([nH]1)cccc2)c1occc1,1
ID_10350,O=C(N/C(=C/c1occc1)/C(=O)N1CCCCCC1)c1sccc1,1
ID_10351,O=C(N/C(=C/c1sccc1)/c1[n]c2c([nH]1)cccc2)c1ccccc1,1
ID_7617,O=C(N\C(=C/c1ccc(Br)cc1)\c1[nH]c(=S)[nH][n]1)c1ccc(C)cc1,1
ID_10352,Brc1cc(C(=O)N\C(=C/c2c[n]ccc2)\C(=O)N2CCOCC2)ccc1,1
ID_10353,O=C(N/C(=C\c1sccc1)/C(=O)N1CCCCCC1)c1ccccc1,1
ID_252,C=CCNC(=O)/C(=C\C=C\c1ccccc1)/NC(=O)c1ccc(OCCCC)cc1,1
ID_1096,O=C(N\C(=C\C=C\c1ccccc1)\C(=O)OC(C)C)c1ccccc1,0
ID_1097,C[n]1c2c(c3cc(\C=C(\NC(=O)c4ccccc4)/C(=O)OC(C)C)ccc13)cccc2,1
ID_253,C=CCNC(=O)\C(=C/c1cc2c(cc1)OCO2)\NC(=O)c1ccc(Br)cc1,1
ID_272,C=CCOC(=O)\C(=C/c1c2c(ccc1)cccc2)\NC(=O)c1ccccc1,1
ID_7835,O=C(N/C=C/c1ccc(Cl)cc1)Nc1ccc(C)cc1,1
ID_6345,OC(=O)C(CCSC)NC(=O)\C(=C/c1ccccc1)\NC(=O)c1c(OC)cccc1,0
ID_2192,O=C(NCCCN(CC)CC)\C(=C\c1[nH]ccc1)\NC(=O)c1ccccc1,0
ID_2197,O=C(NCCN(CC)CC)\C(=C\c1[nH]ccc1)\NC(=O)c1ccccc1,0
ID_1880,O=C(N\C(=C/c1cc(N(=O)=O)ccc1)\C(=O)OCCC)c1ccc(OCCCC)cc1,1
ID_9439,O=C(N\C(=N\c1oc2c([n]1)cccc2)\N)c1c(F)cccc1,0
ID_10355,O=C(N\N=C\C1C(c2ccccc2)C1(Cl)Cl)c1cc(Br)ccc1,1
ID_10356,O=C(N\N=C\C1CCCCC1)c1[n]cccc1,0
ID_7246,O=C(N\N=C\C=C\c1ccc2c(c1)OCO2)c1cc(C)[nH][n]1,1
ID_10358,O=C(N\N=C\C=C\c1ccccc1)c1oc2c(c1)c1c(cc2)cccc1,0
ID_369,O=C(N\N=C\C(=C\c1ccccc1)\C)c1cc(N(=O)=O)ccc1,0
ID_10357,O=C(N\N=C\C=C\c1ccc(N(=O)=O)cc1)c1sccc1,0
ID_9085,Br/C(=C/c1ccccc1)/C=N/NC(=O)c1c[n](C)c(=O)cc1,0
ID_164,O=C(N\N=C(/C)\C[n]1[n]c(cc1C)N(=O)=O)c1c(cc(O)cc1)O,0
ID_10361,O=C(N\N=C\c1c[nH]c2c1cccc2)c1cc([nH][n]1)c1ccc(c2ccccc2)cc1,0
ID_4177,N#Cc1cc(F)c(C(=O)N\N=C\c2c[n](CC(=O)OC)c3c2cccc3)cc1,0
ID_721,CC(=O)[n]1cc(/C=N/NC(=O)c2sc([n]c2C)C)c2c1cccc2,1
ID_120,C\C(=N/NC(=O)c1c(C)cccc1)\c1ccc(NC(=O)c2sccc2)cc1,0
ID_4878,Brc1cc(C(=O)N\N=C\c2ccc(OC(=O)c3cc4c(cc3)OCO4)c(OC)c2)c[n]c1,0
ID_4876,COc1cc(/C=N/NC(=O)c2c[n]ccc2)ccc1OC(=O)c1cc2c(cc1)OCO2,1
ID_4877,COc1cc(/C=N/NC(=O)c2c[n]ccc2)ccc1OC(=O)c1occc1,1
ID_8102,Cc1cc(C(=O)N\N=C\c2ccc(OCC(=O)N3CCCCC3)cc2)ccc1,1
ID_4875,O=C(N\N=C\c1cc(OC)c(OCc2ccc(C)cc2)cc1)c1cc(N(=O)=O)ccc1,1
ID_10365,O=C(N\N=C\c1ccc2c(c1)OCO2)\C(=C\c1ccc2c(c1)OCO2)\NC(=O)c1ccccc1,1
ID_10366,O=C(N\N=C\c1[n]c2c(cc1)cccc2OCc1ccccc1)c1ccc(Br)cc1,0
ID_9095,O=C(N\N=C\c1ccc[n]1C)c1sc2c(c1Cl)cccc2,1
ID_5226,O=C(N\N=C\c1cc(CN2CCN(c3ccc(F)cc3)CC2)c(OC)cc1)c1ccccc1,0
ID_5228,O=C(N\N=C\c1cc(COc2ccc(F)cc2)c(OC)cc1)c1cc[n][nH]1,0
ID_5227,O=C(N\N=C\c1cc(COc2ccc(Cl)cc2)c(OC)cc1)c1cc[n][nH]1,0
ID_5334,C\C(=N/NC(=O)c1ccc(N(=O)=O)cc1)\c1cc(NC(=O)c2cc(c(OC)cc2)OC)ccc1,0
ID_118,C\C(=N/NC(=O)c1cc(C)ccc1)\c1cc(NC(=O)c2occc2)ccc1,0
ID_7247,Cc1cc([n][nH]1)C(=O)N\N=C\c1cc(OC(=O)c2occc2)ccc1,0
ID_10368,O=C(N\N=C\c1cc(OC2CSC2)ccc1)c1c(O)cccc1,0
ID_5225,O=C(N\N=C\c1ccc(OC)c(OS(=O)(=O)c2ccc(C)cc2)c1)c1cc(N(=O)=O)ccc1,0
ID_10370,O=C(N\N=C\c1cccc(Oc2ccccc2)c1)c1cc(Br)ccc1,0
ID_10369,O=C(N\N=C\c1cc(Oc2c(cc(cc2)N(=O)=O)N(=O)=O)ccc1)c1cc(Br)c[n]c1,1
ID_5250,O=C(N\N=C\c1c2[n]cccc2ccc1)c1ccc(OC)cc1,1
ID_3184,CCc1ccc(N2CC(CC2=O)C(=O)N\N=C\c2cc(N(=O)=O)ccc2)cc1,0
ID_1723,CCCCCC1CC1C(=O)N\N=C\c1ccc(N(C)C)cc1,1
ID_10367,O=C(N\N=C\c1cccc(c1)C(F)(F)F)C1CCN(c2[n]cc(cc2Cl)C(F)(F)F)CC1,0
ID_10362,O=C(Nc1ccccc1)N\N=C\c1c(cc(Cl)cc1)Cl,0
ID_6105,O=C(N\N=C\c1cc(OC)ccc1)c1cc([nH][n]1)c1ccc[n]1C,0
ID_6019,CC(=O)OCc1c(OC)ccc(/C=N/NC(=O)c2c3c([n]c(c4cc(OC)ccc4)c2)cccc3)c1,1
ID_5224,CC(=O)OCc1c(OC)ccc(/C=N/NC(=O)c2c3c([n]c(c4ccc(C)cc4C)c2)cccc3)c1,0
ID_7589,O=C(N\N=C\c1cc(N(=O)=O)c(C)cc1)c1oc2c(c1)c1c(cc2)cccc1,0
ID_10371,O=C(N\N=C\c1cc(N(=O)=O)ccc1)c1oc2c(c1)c1c(cc2)cccc1,0
ID_10363,O=C(N\N=C\c1ccc(O)cc1)c1oc(COc2cc(Cl)ccc2Cl)cc1,0
ID_5193,O=C(N\N=C(/C)\c1cc(c(OC)cc1)OC)c1ccc(CSc2c3[n]cccc3ccc2)cc1,1
ID_10359,O=C(N\N=C\c1c(Cl)cccc1Cl)c1cc(F)ccc1,1
ID_5194,O=C(N\N=C(/C)\c1ccc(OC)cc1)c1ccc(N(C)C)cc1,0
ID_7248,O=C(N\N=C\c1cc(N(=O)=O)ccc1)c1cc(oc1C)C,0
ID_8525,O=C(N\N=C\c1c(N(=O)=O)cccc1)c1[n]2ccccc2[n]c1C,1
ID_6104,O=C(N\N=C\c1cc(OC)ccc1)c1c([n]oc1C)c1ccccc1,0
ID_5727,O=C(N\N=C\c1cc(OC)ccc1OC)c1c2c(sc1)cccc2,0
ID_10364,O=C(N\N=C\c1ccc(O)cc1)c1c2c(sc1)cccc2,0
ID_6107,O=C(N\N=C\c1cc(OC)ccc1)c1[n]c(cc([n]1)c1ccccc1)c1ccccc1,0
ID_5229,O=C(N\N=C\c1cc(c(OC)cc1)OC)c1sccc1OCc1ccc(F)cc1,0
ID_599,O=C(N\N=C\c1cc(ccc1N1CCNCC1)N(=O)=O)c1ccc(N(=O)=O)cc1,0
ID_4907,Cc1ccc(C(=O)N\N=C\c2c(OC(=O)c3cc(c(OC)c(OC)c3)OC)cccc2)cc1,0
ID_6106,O=C(N\N=C\c1c(c(OC)ccc1)OS(=O)(=O)c1ccc(C)cc1)c1cc(N(=O)=O)ccc1,1
ID_10372,O=C(N\N=C\c1[n]cccc1)c1oc(Br)cc1,0
ID_10373,O=C(N\N=C\c1[n]cccc1)c1occc1,0
ID_116,O=C(N\N=C(/C)\c1c[n]ccc1)c1[nH]c2c(cc(C)cc2N(=O)=O)c1c1ccccc1,1
ID_1725,CCCCCCC(=O)Nc1ccc(C(=O)N\N=C\c2c[n]ccc2)cc1,0
ID_10374,O=C(N\N=C\c1c[n]ccc1)c1ccc(N(=O)=O)cc1,0
ID_7620,O=C(N\N=C\c1oc(S(=O)(=O)O)cc1)c1c(Cl)cc(C)cc1,0
ID_10376,O=C(N\N=C\c1occc1)c1[n]cccc1,0
ID_10375,O=C(N\N=C\c1occc1)c1oc(Br)cc1,0
ID_10377,O=C(N\N=C\c1occc1)c1cc[n]cc1,0
ID_119,O=C(N\N=C(/C)\c1sc(Br)cc1)c1cc(F)ccc1,0
ID_7621,O=C(N\N=C\c1sc(N(=O)=O)cc1)c1ccc(C)cc1,0
ID_745,O=C(N\N=C\c1sccc1)c1c2CCC(Cc2sc1)C(C)(C)C,0
ID_7619,O=C(N\N=C\c1cc([n](c1C)c1ccc(Br)cc1)C)c1cc(c(C)cc1)N(=O)=O,0
ID_5206,COc1ccc(/C=C(\NC(=O)c2ccccc2)/C(=O)N\N=C\c2cc[n]cc2)cc1,1
ID_10378,O=C(N\N=C\c1cc[n]cc1)c1oc2c(c1)c1c(cc2)cccc1,1
ID_8317,O=C(N\N=C\c1cc[n]cc1)c1c(C)cccc1,1
ID_10379,O=C(N\N=C\c1cc[n]cc1)c1[n]c(c2ccccc2)[n]2CCCCCc12,1
ID_5123,O=C(N\N=C\c1c[n]([n]c1c1ccc(OC)cc1)c1ccccc1)c1cc2c(cc1)OCO2,1
ID_7622,OC(=O)c1cc(C[n]2c(Cl)c(sc2=O)/C=N/NC(=O)c2ccc(C)cc2)ccc1,0
ID_8595,O=C(N\N=C\c1c(C)[n][n](c2ccccc2)c1Cl)c1occc1,0
ID_191,C=C(C)C1CC=C(\C(=N\NC(=O)c2ccc(NC(=O)c3cc(ccc3)C)cc2)\C1)C,1
ID_10380,O=C(OCc1ccccc1)N/N=C1/C[C@H]([C@H]([C@H]2[C@H]1CC[C@H]1[C@H]2C(=O)N(C2CCCCC2)C1=O)O)O,0
ID_10381,O=C(OCc1ccccc1)N/N=C1/C[C@H]([C@H]([C@H]2[C@H]1CC[C@H]1[C@H]2C(=O)N(C[C@H]2OCCC2)C1=O)O)O,0
ID_5550,O=C(OCc1ccc(OC)cc1)N/N=C1/C[C@H]([C@H]([C@H]2[C@H]1CC[C@H]1[C@H]2C(=O)N(C[C@H]2OCCC2)C1=O)O)O,0
ID_10385,O=C(OCc1ccccc1)N/N=C1/C[C@H]([C@H]([C@H]2[C@@H]1CC[C@H]1[C@H]2C(=O)N(C[C@H]2OCCC2)C1=O)O)O,0
ID_10386,O=C(OCc1ccccc1)N/N=C1/C[C@H]([C@H]([C@H]2[C@@H]1CC[C@H]1[C@H]2C(=O)N(Cc2cc3c(cc2)OCO3)C1=O)O)O,1
ID_5554,O=C(OCc1ccc(OC)cc1)N/N=C1/C[C@H]([C@H]([C@H]2[C@@H]1CC[C@H]1[C@H]2C(=O)N(Cc2cc3c(cc2)OCO3)C1=O)O)O,1
ID_5552,O=C(OCc1ccc(OC)cc1)N/N=C1/C[C@H]([C@H]([C@H]2[C@H]1CC[C@H]1[C@H]2C(=O)N(Cc2ccccc2)C1=O)O)O,0
ID_10387,O=C(OCc1ccccc1)N/N=C1/C[C@H]([C@H]([C@H]2[C@@H]1CC[C@H]1[C@H]2C(=O)N(Cc2ccccc2)C1=O)O)O,0
ID_5555,O=C(OCc1ccc(OC)cc1)N/N=C1/C[C@H]([C@H]([C@H]2[C@@H]1CC[C@H]1[C@H]2C(=O)N(c2cc(Oc3ccccc3)ccc2)C1=O)O)O,1
ID_2545,CCOC(=O)CCN1C(=O)[C@@H]2[C@H]([C@@H]3[C@H](/C(=N\NC(=O)OCc4ccccc4)/C[C@H]([C@H]3O)O)CC2)C1=O,0
ID_757,O=C(OCc1ccccc1)N/N=C1/C[C@H]([C@H]([C@H]2[C@H]1CC[C@H]1[C@H]2C(=O)N(C(C)(C)C)C1=O)O)O,0
ID_5549,O=C(OCc1ccc(OC)cc1)N/N=C1/C[C@H]([C@H]([C@H]2[C@H]1CC[C@H]1[C@H]2C(=O)N(C(C)(C)C)C1=O)O)O,0
ID_2290,CCN1C(=O)[C@@H]2[C@H]([C@@H]3[C@H](/C(=N\NC(=O)OCc4ccccc4)/C[C@H]([C@H]3O)O)CC2)C1=O,0
ID_2289,CCN1C(=O)[C@@H]2[C@H]([C@@H]3[C@H](/C(=N\NC(=O)OCc4ccc(OC)cc4)/C[C@H]([C@H]3O)O)CC2)C1=O,0
ID_2544,CCOC(=O)CCN1C(=O)[C@@H]2[C@H]([C@@H]3[C@H](/C(=N\NC(=O)OCc4ccc(OC)cc4)/C[C@H]([C@H]3O)O)CC2)C1=O,0
ID_2282,CCN1C(=O)[C@@H]2[C@H]([C@@H]3[C@@H](/C(=N\NC(=O)OCc4ccc(OC)cc4)/C[C@H]([C@H]3O)O)CC2)C1=O,0
ID_755,O=C(OCc1ccccc1)N/N=C1/C[C@H]([C@H]([C@H]2[C@@H]1CC[C@H]1[C@H]2C(=O)N(C(C)(C)C)C1=O)O)O,0
ID_2537,CCOC(=O)CCN1C(=O)[C@@H]2[C@H]([C@@H]3[C@@H](/C(=N\NC(=O)OCc4ccccc4)/C[C@H]([C@H]3O)O)CC2)C1=O,0
ID_2283,CCN1C(=O)[C@@H]2[C@H]([C@@H]3[C@@H](/C(=N\NC(=O)OCc4ccccc4)/C[C@H]([C@H]3O)O)CC2)C1=O,0
ID_5251,O=C(N/N=C1/C(=O)c2c(cc(cc2CC1(C)C)C)C)c1ccc(OC)cc1,1
ID_345,C=CC[n]1cc(\C=N/NC(=O)c2oc3c(c2)c2c(cc3)cccc2)c2c1cccc2,1
ID_10389,O=C(N\N=C/c1oc(c2c(N(=O)=O)cccc2)cc1)C1Oc2c(OC1)cc1c(c2)cccc1,1
ID_7519,O=C(N\N=C/c1oc(c2cc(c(C)cc2)N(=O)=O)cc1)c1oc2c(c1)c1c(cc2)cccc1,0
ID_10391,O=C(N\N=C/c1cc2c(cc1)CCC2)c1c(O)cccc1,0
ID_7623,O=C(N\N=C/c1[nH]ccc1)c1cc(c(C)cc1)N(=O)=O,0
ID_3332,CC[n]1cc(c(=O)c2c1cc(N1CCCC1)c(c2)F)C(=O)N\N=C(\C)/c1ccc(F)cc1,0
ID_7163,O=C(N\N=C/c1cc(Cl)ccc1O)c1oc(C[n]2[n]c(N(=O)=O)c(c2C)Cl)cc1,1
ID_97,C/C(=N/NC(=O)c1ccc(NC(=O)c2ccc(F)cc2)cc1)/c1ccccc1,0
ID_4459,Clc1cc(C)ccc1C(=O)N\N=C/c1ccc(C(=O)OC)cc1,1
ID_1594,C/C(=N/NC(=O)c1sc(C)cc1)/c1cc(NC(=O)C(CC)CC)ccc1,1
ID_1510,CCC(=O)Nc1ccc(\C(=N/NC(=O)c2sc(C)cc2)\C)cc1,1
ID_8315,O=C(N\N=C/c1c(C)cccc1)c1[n][n]sc1,0
ID_10394,O=C(N\N=C/c1c[n]([n]c1c1ccccc1)c1ccccc1)c1cc2c(cc1)OCO2,1
ID_10393,O=C(N\N=C/c1c[n]([n]c1c1ccccc1)c1ccccc1)c1oc(Br)cc1,1
ID_2982,CCOc1cc2c(cc1)[nH]c(=O)c(CN(CCc1ccccc1)C(=O)N1CCCC1)c2,1
ID_1296,O=C(N1CCCC(C1)(C)C)N1c2ccccc2Sc2c1cccc2,0
ID_10395,O=C(N1CCOCC1)C1(c2ccccc2)CCNCC1,0
ID_2983,CCOc1cc2c(cc1)[nH]c(=O)c(CN(CCc1ccccc1)C(=O)N1CCOCC1)c2,1
ID_10396,O=C(N1CCN(c2ccccc2)CC1)N1CCOCC1,0
ID_2728,CCOC(=O)c1cc2c(=O)[n]3cccc(C)c3[n]c2[n](CCCOC)c1=NC(=O)c1c[n]ccc1,1
ID_2729,CCOC(=O)c1cc2c(=O)[n]3cccc(C)c3[n]c2[n](Cc2occc2)c1=NC(=O)c1ccccc1,0
ID_90,O=C(NC(\C(=C\C1CCCCC1)\C)c1ccc(c2ccccc2)cc1)c1c[n]ccc1,1
ID_7412,Cc1cc(NC(=O)NC(=O)c2c(cc(F)cc2)F)[n][nH]1,0
ID_10399,O=C(NC(=S)N(Cc1ccccc1)Cc1ccccc1)c1c(F)cccc1,1
ID_2911,CCOc1ccc(C(=O)NC(=S)N(Cc2ccccc2)Cc2ccccc2)cc1,1
ID_6346,O=C(NC(=S)N1CCCc2c1cccc2)c1c(OC)cccc1,0
ID_8103,O=C(NC(=S)N1CCN(C)CC1)c1cc(C)ccc1,0
ID_1475,O=C(NC(=S)N1CC(OC(C1)C)C)c1ccc(N(=O)=O)cc1,0
ID_10398,OCCCCN(C1CCCCC1)C(=S)NC(=O)c1sc2c(c1Cl)cccc2,1
ID_10400,O=C(NC(=S)NC1CCSC1=O)c1c(Cl)cccc1,1
ID_7629,O=C(NC(=S)NCC1OCCC1)c1ccc(C)cc1,0
ID_4980,O=C(NC(=S)NCCc1ccccc1)c1cc(cc(c1)OC)OC,1
ID_5469,N#CCCN(Cc1ccc(OC)cc1)C(=S)NC(=O)c1ccccc1,1
ID_10401,S=C(NC(=O)c1occc1)NNC(=O)c1sccc1,0
ID_2715,S=C(NC(=O)c1c[n][n](CC)c1)Nc1sc2CC(C)CCc2c1C(=O)OCC,0
ID_10403,O=C(NC(=S)Nc1cc(Cl)c(N2CCCCC2)cc1)c1cc2c(cc1)OCCO2,0
ID_4962,S=C(NC(=O)c1c(cccc1OC)OC)Nc1cc(c(NC(=O)c2sccc2)cc1)OC,1
ID_10404,O=C(NC(=S)Nc1ccc(Oc2ccc(Cl)cc2)cc1)c1ccccc1,0
ID_3664,O=C(NC(=S)Nc1ccc(S(=O)(=O)N(C)C2CCCCC2)cc1)c1sccc1,1
ID_2266,CCN(c1ccccc1)S(=O)(=O)c1ccc(NC(=S)NC(=O)c2oc(Br)cc2)cc1,0
ID_7631,O=C(NC(=S)Nc1cc2c(cc1)OCCO2)c1c(cc(C)cc1)C,1
ID_10405,O=C(NC(=S)Nc1cc2c(cc1)OCO2)c1ccccc1,1
ID_5187,O=C(NC(=S)Nc1cc2c(cc1C)[n][n](c1ccc(OC)cc1)[n]2)c1ccccc1C,0
ID_4892,O=C(NC(=S)Nc1cc2c(oc(=O)cc2)cc1)c1cc(c(OC)c(c1)OC)OC,1
ID_4893,O=C(NC(=S)Nc1cc(c2cc3c(oc2=O)cccc3)ccc1)c1cc(c(OC)c(c1)OC)OC,1
ID_8058,O=C(NC(=S)Nc1c(C)ccc2c[n][nH]c12)c1ccccc1,1
ID_7632,O=C(NC(=S)Nc1c2c(ccc1)[n]s[n]2)c1ccc(C)cc1,0
ID_7190,S=C(NC(=O)C(c1ccccc1)c1ccccc1)Nc1c(C)c(C(=O)O)ccc1,0
ID_8224,O=C(NC(=S)Nc1cc(C)ccc1)c1c2c([n]c(c3ccccc3)c1)cccc2,0
ID_1091,O=C(NC(=S)Nc1ccc(S(=O)(=O)NC(C)C)cc1)c1ccc(c2ccccc2)cc1,0
ID_6501,O=C(NC(=S)Nc1c(OC)cccc1)c1oc(c2ccc(Cl)cc2)cc1,0
ID_4891,S=C(NC(=O)c1cc(c(OC)c(c1)OC)OC)Nc1cc(C(=O)O)c(Cl)cc1,0
ID_7630,O=C(NC(=S)Nc1cc(C(F)(F)F)ccc1Cl)c1ccc(C)cc1,0
ID_4981,S=C(NC(=O)c1cc(cc(c1)OC)OC)Nc1cc(C(=O)O)c(Cl)cc1,0
ID_7633,O=C(NC(=S)Nc1c(C(F)(F)F)cccc1)c1cc(c(cc1)C)C,0
ID_515,S=C(NC(=O)c1occc1)Nc1ccc(S(=O)(=O)NC(=O)C)cc1,0
ID_7857,O=C(NC(=S)Nc1ccc(C)cc1)c1c([n]oc1C)c1c(Cl)cccc1,1
ID_10406,O=C(NC(=S)Nc1c(N2CCCC2)c(Cl)ccc1)c1oc(c2cc(N(=O)=O)ccc2)cc1,1
ID_1466,O=C(NC(=S)Nc1c(N2CCC(C)CC2)cccc1)c1sccc1,1
ID_10407,O=C(NC(=S)Nc1c(N2CCCCC2)c(Cl)ccc1)c1sccc1,0
ID_5302,O=C(NC(=S)Nc1c(N2CCOCC2)c(Cl)ccc1)c1cc(c(OC)cc1)N(=O)=O,1
ID_10402,O=C(NC(=S)Nc1[n]cc(cc1)Br)c1cc(c[n]c1)Br,0
ID_10408,O=C(NC(=S)Nc1scc([n]1)c1ccc(Br)cc1)c1c[n]ccc1,0
ID_2026,CCCOc1ccc(C(=O)NC(=S)Nc2sc3cc(C)ccc3[n]2)cc1,0
ID_2587,CCOC(=O)Cc1[n]c(NC(=S)NC(=O)c2ccc(Cl)cc2)sc1,1
ID_1452,CC1CCN(C(NC(=O)c2occc2)C(=O)c2ccccc2)CC1,0
ID_10409,O=C(NC(Cc1c[nH]c2c1cccc2)c1[n][n]c2CCCCC[n]12)c1ccc(Cl)cc1,1
ID_10410,O=C(NC(Cc1c[nH]c2c1cccc2)c1[n][n]c2CCCCC[n]12)c1ccccc1,1
ID_10411,O=C(NC(Cc1c[nH]c2c1cccc2)c1[n][n]c2CCCCC[n]12)c1c(Cl)cccc1,1
ID_1898,CCCC[C@@H]1C[C@H]1C(NC(=O)c1ccc(c2ccccc2)cc1)c1ccc(c2ccccc2)cc1,0
ID_1905,CCCC[C@@H]1C[C@H]1C(NC(=O)c1occc1)c1ccc(c2ccccc2)cc1,1
ID_6894,O=C(NC([C@]1(C)C[C@H]1C1CCCCC1)c1ccc(c2ccccc2)cc1)c1ccccc1,0
ID_4134,COC(=O)C1CC1C(NC(=O)[C@H]1NCCC1)c1ccccc1,1
ID_4135,COC(=O)C1CC1C(NC(=O)[C@@H]1NCCCC1)c1ccccc1,1
ID_1900,CCCC[C@@H]1C[C@H]1C(NC(=O)c1ccccc1)c1ccc(C(=O)OC)cc1,1
ID_1899,CCCC[C@@H]1C[C@H]1C(NC(=O)c1ccc(C(F)(F)F)cc1)c1ccc(C(=O)OC)cc1,1
ID_1903,CCCC[C@@H]1C[C@H]1C(NC(=O)c1ccccc1)c1ccccc1,1
ID_1902,CCCC[C@@H]1C[C@H]1C(NC(=O)c1ccccc1)c1ccc(Cl)cc1,1
ID_1901,CCCC[C@@H]1C[C@H]1C(NC(=O)c1ccccc1)c1ccc(C(F)(F)F)cc1,1
ID_1906,CCCC[C@@H]1C[C@H]1C(NC(=O)c1occc1)c1ccc(C(=O)OC)cc1,1
ID_2070,O=C(NC(c1ccc(Cl)cc1)[C@]1(CCC)C[C@H]1CCC)c1occc1,1
ID_1907,CCCC[C@@H]1C[C@H]1C(NC(=O)c1occc1)c1ccc(Cl)cc1,1
ID_1910,CCCC[C@@H]1C[C@H]1C(NC(=O)c1sccc1)c1ccc(Cl)cc1,1
ID_1911,CCCC[C@@H]1C[C@H]1C(NC(=O)c1sccc1)c1c(C(F)(F)F)cccc1,1
ID_1909,CCCC[C@@H]1C[C@H]1C(NC(=O)c1sccc1)c1ccc(C(F)(F)F)cc1,1
ID_6893,O=C(NC([C@]1(C)C[C@H]1C1CCCCC1)c1ccc(Cl)cc1)c1ccc(c2ccccc2)cc1,0
ID_4463,C[C@]1(C[C@H]1C1CCCCC1)C(NC(=O)c1occc1)c1ccc(C(=O)OC)cc1,1
ID_5374,O=C(NC(c1ccc(OC)cc1)c1ccccc1)c1ccc(c2ccccc2)cc1,1
ID_7817,O=C1N(c2cc(C(=O)NC3(C(=O)Nc4ccc(C)cc4)CCCCC3)ccc2)C(SC1)c1ccccc1,1
ID_386,CC(=O)C1=C(NC(=O)c2ccc(F)cc2)CC2C1C2(C)C,0
ID_3341,N#CC1=C(NC(=O)c2cc[n](CC)[n]2)CCC1,0
ID_4128,COC(=O)C1=C(NC(=O)c2cc(c(cc2)C)C)CCS1,1
ID_4129,Cc1ccc(C(=O)NC2=C(SCC2)C(=O)OC)cc1,0
ID_4130,COC(=O)C1=C(NC(=O)c2sccc2)CCS1,1
ID_4527,O=C(NC1=NC(C2(C(c3ccccc3)C12C#N)C#N)(OC)OC)Nc1ccccc1,0
ID_3185,CCc1ccc(N2CC(CC2=O)C(=O)NC2=NCCS2)cc1,0
ID_3342,CC[n]1ccc([n]1)C(=O)NC1C(=O)N2C(=C(C)CSC12)C(=O)O,0
ID_1374,OC(=O)C1=C(C)CSC2N1C(=O)C2NC(=O)c1cc[n](C)[n]1,0
ID_10418,O=C(NC1(c2c(NC1=O)[n](c1ccc(F)cc1)c(=O)[nH]c2=O)C(F)(F)F)c1c[n]ccc1,0
ID_5306,O=C(NC1(c2c(NC1=O)[n](CCc1cc(c(cc1)OC)OC)c(=O)[nH]c2=O)C(F)(F)F)c1ccc(OC)cc1,0
ID_10419,O=C(NC1(c2c(NC1=O)[n](Cc1ccccc1)c(=O)[nH]c2=O)C(F)(F)F)c1c(cc(Cl)cc1)Cl,0
ID_6633,O=C(NC1C2CC3CC(CC1C3)C2)c1cc(c(N2CCN(S(=O)(=O)C)CC2)cc1)N(=O)=O,0
ID_1368,N#CC1=C(C)NC(=O)C1(NC(=O)C1CCCCC1)C(F)(F)F,0
ID_4636,O=C(NC1CC2N(C(=S)NCCOC)C(CC2)C1)NC12CC3CC(CC(C3)C1)C2,1
ID_5307,O=C(NC1CC2N(CC(C)C)C(CCC2)C1)c1cc(c(cc1)OC)OC,0
ID_5432,COc1ccc(CCN(C(C(=O)NC2CCCC2)c2sccc2)C(=O)C(F)(F)F)cc1,1
ID_8327,Cc1c(C(N(c2cc3c(cc2)OCCO3)C(=O)Cc2sccc2)C(=O)NC2CCCC2)cccc1,1
ID_5361,Fc1ccc(c2c(N)c(s[n]2)C(=O)N(C(c2ccc(OC)cc2)C(=O)NC2CCCC2)c2ccccc2)cc1,0
ID_5362,Fc1ccc(CN(C(c2cc(c(cc2)OC)OC)C(=O)NC2CCCC2)C(=O)c2cc[n][nH]2)cc1,1
ID_5467,COc1ccc(CN(C(c2cc[n]cc2)C(=O)NC2CCCC2)C(=O)Cc2sccc2)cc1,1
ID_8188,Cc1cc(N(C(c2cscc2)C(=O)NC2CCCC2)C(=O)Cc2sccc2)ccc1,1
ID_10421,O=C(Cc1sccc1)N(Cc1ccccc1)C(c1cscc1)C(=O)NC1CCCC1,1
ID_7736,O=C(NC1CCCC1)C1CC(=O)N(CCc2ccc(C)cc2)C1,1
ID_9597,OC(=O)C1(NC(=O)C2(N)CCCC2)CCCC1,0
ID_6596,O=C(NC1CCCC1)C1Oc2ccc(Cl)cc2N(C1)S(=O)(=O)C,1
ID_10417,OC(=O)C1(NC(=O)c2ccccc2)CCCC1,0
ID_10422,O=C(NC1CCCC1)c1ccc[n]c1N1CCCCCC1,1
ID_10423,O=C(NC1CCCC1)c1c[n][n]2c(cc([n]c12)c1occc1)C(F)(F)F,1
ID_10424,O=C(NC1CCCCC1)C(Cc1ccccc1)N1C(=O)C2C(C1=O)C1CC2CC1,1
ID_7787,O=C(N(C(C(=O)NC1CCCCC1)c1sccc1)c1cc(c(cc1)C)C)C(F)(F)F,1
ID_10427,O=C(N(C(C(=O)NC1CCCCC1)c1sccc1)c1ccccc1)C(F)(F)F,1
ID_5468,COc1ccc(CN(C(c2cc3c([n]ccc3)cc2)C(=O)NC2CCCCC2)C(=O)c2sccc2)cc1,1
ID_5364,CC(=O)Nc1ccc(N(C(c2cc(c(cc2)OC)OC)C(=O)NC2CCCCC2)C(=O)Cc2c[nH]c3c2cccc3)cc1,1
ID_10425,O=C(Cc1ccsc1)N(C(c1ccc(F)cc1)C(=O)NC1CCCCC1)c1ccc(F)cc1,0
ID_5365,CC(=O)c1ccc(N(C(C(=O)NC2CCCCC2)c2ccc(OC)cc2)C(=O)c2sc([n]c2C)C)cc1,1
ID_5366,O=C(N(C(c1ccc(OC)cc1)C(=O)NC1CCCCC1)c1ccc(OC)cc1)c1sc([n]c1C)C,1
ID_5367,O=C(NC1CCCCC1)C(N1CCC2(OCCO2)CC1)c1ccc(OC)cc1,1
ID_7669,Cc1ccc(C(C(=O)NC2CCCCC2)N2CCN(C(=O)c3occc3)CC2)cc1,0
ID_10426,O=C(NC1CCCCC1)C(N1CCOCC1)c1ccccc1,1
ID_7313,O=C(N(C(C(=O)NC1CCCCC1)c1sccc1)c1cc(cc(c1)C)C)c1[n]cccc1,1
ID_10428,O=C(NC1CCCCC1)C(N(Cc1sccc1)C(=O)c1occc1)c1sccc1,1
ID_6202,COc1cc(N(C(c2cc[n]cc2)C(=O)NC2CCCCC2)C(=O)C[n]2[n]c([n][n]2)c2sccc2)ccc1,1
ID_8609,Cc1[n][n](C)cc1C(N(c1ccc(C(C)C)cc1)C(=O)Cc1sccc1)C(=O)NC1CCCCC1,1
ID_10429,ClC(=C(Cl)Cl)COC(=O)C1C(C(=O)NC2CCCCC2)CC=CC1,1
ID_8086,O=C(NC1CCCCC1)C1CN(Cc2[n]c(oc2C)c2cc(C)ccc2)CCC1,1
ID_860,OC(=O)C(Sc1ccc(CCN(C(=O)NC2CCCCC2)CCCCC2CCCCC2)cc1)(C)C,1
ID_10430,O=C(NC1CCCCC1)N1CCCC(C1)c1[n]c([n]o1)c1sccc1,1
ID_1570,CCC(C)NC(=O)C1CN(CCC1)C(=O)NC1CCCCC1,0
ID_10431,O=C(NC1CC2N(Cc3[n][n][n][n]3Cc3ccc4c(c3)OCO4)C(C1)CC2)NC1CCCCC1,1
ID_10432,O=C(NC1CC2N(C3CCCC3)C(C1)CCC2)NC1CCCCC1,0
ID_1330,O=C(NC1CCCCC1)N(O)C1N(Cc2ccc3c(c2)OCO3)C(=S)SC1(C)C,1
ID_5948,O=C(NC1CCCCC1)NS(=O)(=O)c1ccc(CCN2C(=O)C(c3ccc(OC)cc3C2=O)(C)C)cc1,1
ID_8399,Cc1[n]cc(C(=O)NCCc2ccc(S(=O)(=O)NC(=O)NC3CCCCC3)cc2)[n]c1,0
ID_706,CC(=O)c1ccc(S(=O)(=O)NC(=O)NC2CCCCC2)cc1,0
ID_129,O=C(NC1CCCCC1)O/N=C(\C)/c1sc([n]c1C)c1ccccc1,1
ID_7137,O=C(NC1CCCCC1)c1cc(Br)c(c(c1C)C)C,0
ID_7634,O=C(NC1CCCCC1)c1ccc(C)cc1,0
ID_10433,O=C(NC1CCCCC1)c1oc(COCC(F)(F)F)cc1,0
ID_1439,O=C(NC1C(C(C)CCC1)C)c1[n][nH]c(=O)c2c1cccc2,1
ID_10434,O=C(NC1CCCCCC1)c1sccc1,1
ID_8094,O=C(NC1CCCCCC1)c1[n]c[n](c1)c1[n]c(C)ccc1,1
ID_10807,OC(=O)C1C(C(=O)NC2CCCc3c2cccc3)C2OC1C=C2,0
ID_10435,O=C(NC1c2c(CCC1)cccc2)C1CCN(S(=O)(=O)N2CCCCCC2)CC1,1
ID_10436,O=C(NC1CCCc2c1cccc2)c1c[nH]c(=O)cc1,0
ID_2830,CCOc1c2c(cc(cc2)C(=O)NC2CCCc3c2cccc3)[n][n]1C,0
ID_278,C=CCOc1c2c(cc(cc2)C(=O)NC2CCCc3c2cccc3)[n][n]1C,0
ID_8104,Cc1cc(C(=O)NC2CCN(C(=O)N3CCOCC3)CC2)ccc1,0
ID_8105,O=C(NC1CCN(C(=S)NCc2occc2)CC1)c1cc(C)ccc1,1
ID_5308,O=C(c1ccc(OC)cc1)NC1CCN(C(=S)Nc2cc(C)ccc2)CC1,1
ID_4953,O=C(N[C@H]1CCN(CCCOc2ccc(F)cc2)C[C@@H]1OC)c1c(cc(N)c(Cl)c1)OC,1
ID_2363,CCNC(=S)N1CCC(NC(=O)C2CCCCC2)CC1,1
ID_2620,CCOC(=O)N1CCC(NC(=O)C2CCN(S(=O)(=O)N3CCCC3)CC2)CC1,0
ID_10574,OC(=O)[C@]1(NC(=O)c2ccccc2)C[C@@H]1c1ccccc1,0
ID_1020,O=C(N[C@@]1(O[C@@]2(O)N([C@@H](CC(C)C)C(=O)N3CCC[C@H]23)C1=O)C(C)C)[C@@H]1C=C2c3c4c(C[C@@H]2N(C)C1)c[nH]c4ccc3,1
ID_1021,O=C(N[C@@]1(O[C@]2(O)N([C@@H](CC(C)C)C(=O)N3CCC[C@H]23)C1=O)C(C)C)[C@@H]1C=C2c3c4c(C[C@H]2N(C)C1)c(Br)[nH]c4ccc3,1
ID_1141,O=C(N[C@@]1(O[C@@]2(O)N(CC(=O)N3CCC[C@H]23)C1=O)C(C)C)[C@@H]1C[C@H]2c3c4c(C[C@@H]2N(C)C1)c[nH]c4ccc3,0
ID_3915,O=C(N[C@]1(C)O[C@@]2(O)N([C@@H](Cc3ccccc3)C(=O)N3CCC[C@H]23)C1=O)[C@H]1C[C@H]2c3c4c(C[C@@H]2N(C)C1)c[nH]c4ccc3,1
ID_3917,O=C(N[C@]1(C)O[C@]2(O)N([C@@H](Cc3ccccc3)C(=O)N3CCC[C@H]23)C1=O)[C@@H]1C[C@H]2c3c4c(C[C@@H]2N(C)C1)c[nH]c4ccc3,1
ID_1139,O=C(N[C@@]1(O[C@]2(O)N([C@@H](Cc3ccccc3)C(=O)N3CCC[C@H]23)C1=O)C(C)C)[C@@H]1C[C@H]2c3c4c(C[C@@H]2N(C)C1)c[nH]c4ccc3,1
ID_1142,O=C(N[C@@]1(O[C@@]2(O)N([C@@H](Cc3ccccc3)C(=O)N3CCC[C@H]23)C1=O)C(C)C)[C@@H]1C[C@H]2c3c4c(C[C@@H]2N(C)C1)c[nH]c4ccc3,1
ID_1140,O=C(N[C@@]1(O[C@]2(O)N([C@@H](Cc3ccccc3)C(=O)N3CCC[C@H]23)C1=O)C(C)C)[C@@H]1C[C@H]2c3c4c(C[C@@H]2N(C)C1)c[nH]c4ccc3,1
ID_8257,O=C(N[C@H]1c2c(Oc3c(C)cccc13)cccc2)c1ccc(N(=O)=O)cc1,0
ID_5359,O=C(NCC(=O)N(C(c1cc(c(OC)cc1)OC)C(=O)NC(C)(C)C)c1ccc(C(C)C)cc1)c1sccc1,1
ID_10437,O=C(NCC(=O)N(C(c1c[n]ccc1)C(=O)NC1CCCC1)c1ccccc1)c1sccc1,1
ID_7670,O=C(c1sccc1)NCC(=O)N(C(c1ccc(C)cc1)C(=O)NCc1occc1)c1ccc(C)cc1,1
ID_7672,O=C(c1sccc1)NCC(=O)N(C(c1ccc(C)cc1)C(=O)NCc1occc1)c1c(C)cccc1,1
ID_7671,O=C(c1sccc1)NCC(=O)N(C(c1ccc(C)cc1)C(=O)NCc1occc1)c1c(cc(cc1)C)C,1
ID_5310,O=C(NCC(N1CCOCC1)c1ccc(F)cc1)c1cc(c(OC)cc1)S(=O)(=O)N1CCCC1,0
ID_4894,O=C(NCC(N1CCN(C)CC1)c1ccc[n]c1)c1cc(c(OC)c(OC)c1)OC,0
ID_10438,O=C(NCC(N1CCOCC1)c1c[n]ccc1)Nc1ccccc1,1
ID_2318,CCN1CCN(C(C(C)NC(=O)c2ccc[n]c2)c2sccc2)CC1,0
ID_10439,O=C(NCC(N1CCOCC1)c1sccc1)c1occc1,0
ID_10440,O=C(NCC12CC3CC(CC(C3)C1)C2)c1cc2NC(CC([n]2[n]1)C(F)(F)F)c1occc1,1
ID_4757,O=C(NCC12CC3CC(CC(C3)C1)C2)c1ccc2c(c1)[n][n](CCOC)c2OC,0
ID_10994,OC(=O)[C@@H]1[C@@H](C(=O)NCC2CC2)C2c3c(C1c1ccccc12)cccc3,0
ID_10441,O=C(NCC1CC1)[C@@H]1C[C@H]1[C@H](c1ccccc1)NP(=O)(c1ccccc1)c1ccccc1,1
ID_10442,O=C(NCC1CC1)[C@H]1C[C@@H]1[C@@H](c1ccccc1)NP(=O)(c1ccccc1)c1ccccc1,1
ID_1952,O=C(NCC1CC1)c1ccc2c(c1)[n][n](c2OCC)CCCC,0
ID_2510,CCOC(=O)C1=NOC(C1)CNC(=O)C1=NOC(C1)CNC(=O)c1c([n]oc1C)c1c(Cl)cccc1,1
ID_387,CC(=O)C1=NOC(C1)CNC(=O)c1c([n]oc1C)c1c(Cl)cccc1,1
ID_10443,OC(=O)C1CCC(CNC(=O)OCc2ccccc2)CC1,0
ID_2997,CCN1CCCC1CNC(=O)C(=O)Nc1c(OCC)cccc1,0
ID_2951,CCN1CCCC1CNC(=O)C(=O)Nc1ccc(OCC)cc1,0
ID_2306,CCN1CCCC1CNC(=O)C(=O)Nc1c(OC)cccc1,0
ID_2309,CCN1CCCC1CNC(=O)c1c(OC)cc(N(C)C)c(NC(=O)C)c1,0
ID_10444,O=C(NCC1OCCC1)\C(=C/c1occc1)\NC(=O)c1ccccc1,0
ID_2741,CCOC(=O)c1ccc(NC(=O)C(=O)NCC2OCCC2)cc1,0
ID_10445,O=C(Cc1sccc1)N(C(c1c[n]ccc1)C(=O)NCC1OCCC1)c1ccccc1,1
ID_10447,O=C(NCC1OCCC1)C1CC(=O)N(C1)C1CCCCCC1,0
ID_10448,O=C(NCC1OCCC1)C1N(C(=O)CC1)CCc1ccccc1,0
ID_2045,CCCS(=O)(=O)N1CCCC(C1)C(=O)NCC1OCCC1,0
ID_10449,O=C(NCC1OCCC1)C1CCN(S(=O)(=O)N2CCCC2)CC1,0
ID_3020,CCS(=O)(=O)N1CCC(C(=O)NCC2OCCC2)CC1,0
ID_10450,O=C(NCC1OCCC1)C1N(Cc2ccc3c(c2)OCO3)C(=O)c2c1cccc2,1
ID_10451,O=C(NCC1OCCC1)c1cc(o[n]1)c1c(cc(Cl)cc1)Cl,0
ID_6257,OC(=O)c1c([n]oc1C(=O)NCC1OCCC1)CSc1cc(OC)ccc1,1
ID_9029,O=C(NCC1OCCC1)c1cc2c([n]c3cccc[n]3c2=O)[n]1C,0
ID_4890,O=C(NCC1OCCC1)c1c(=O)oc2c(c1)cc(Br)cc2OC,0
ID_10452,O=C(NCC1OCCC1)c1oc(CS(=O)(=O)Cc2ccc(F)cc2)cc1,0
ID_3733,O=C(NCC1OCCC1)c1ccc(N(C)S(=O)(=O)c2ccccc2)cc1,0
ID_8728,O=C(NCC1OCCC1)c1ccc(OCc2c([n]oc2C)C)cc1,0
ID_7636,O=C(NCC1OCCC1)c1cc(c(C)cc1)N1CCCC1=O,0
ID_10453,O=C(NCC1OCCC1)c1cc(F)ccc1,0
ID_2651,CCOC(=O)Nc1ccc(C(=O)NCC2OCCC2)cc1,0
ID_2890,CCOc1ccc([n]2c(N)c(sc2=S)C(=O)NCC2OCCC2)cc1,0
ID_9854,O=C(NCC1OCCC1)c1c2c([n](c3ccccc3)c1N)[n]c1c([n]2)cccc1,1
ID_5609,O=C(NCC1CCN(C1)c1ccc(OC)cc1)Nc1c(cc(cc1)OC)OC,1
ID_10454,O=C(NCC1Oc2c(OC1)cccc2)C1C2C(=O)N(Cc3sccc3)CC23C=CC1O3,0
ID_10455,O=C(NCC1Oc2c(OC1)cccc2)C1CCN(S(=O)(=O)c2cccc3c2[n]s[n]3)CC1,1
ID_5311,O=C(NCC1OCCc2c1cccc2)c1ccc(OC)cc1,0
ID_1786,CCCCCOc1ccc(NC(=O)C(=O)NCCC2=CCCCC2)cc1,0
ID_5472,O=C(NCCC1=CCCCC1)C1CC(=O)N(Cc2ccc(OC)cc2)C1,1
ID_10456,O=C(NCCC1=CCCCC1)C1CN(CCC1)c1oc2c([n]1)cccc2,1
ID_799,O=C(NCCC1=CCCCC1)C1CCN(C(=O)c2ccc(C(C)(C)C)cc2)CC1,0
ID_3676,O=C(Oc1ccccc1[N+](C)(C)C)N(C)CCCCCCCCCCN(C(=O)Oc1ccccc1[N+](C)(C)C)C,0
ID_6468,CC(=O)c1ccc(c2ccc(C(=O)NCCCCN3CCN(c4c(OC)cccc4)CC3)cc2)cc1,0
ID_6469,O=C(NCCCCN1CCN(c2c(OC)cccc2)CC1)c1cc2c(cc1)cccc2,0
ID_2832,O=C(NCCCCc1ccccc1)c1cc2[n][n](CC)c(OCC)c2cc1,0
ID_2141,O=C(NCCCCc1ccccc1)c1cc2[n][n](CCC)c(OCC)c2cc1,1
ID_2831,CCOc1c2ccc(cc2[n][n]1C)C(=O)NCCCCc1ccccc1,0
ID_3021,CCS(=O)(=O)N1CCC(C(=O)NCCCN2CCCC2)CC1,0
ID_10457,O=C(NCCCN1CCCC1=O)c1ccc(CNS(=O)(=O)c2ccc(F)cc2)cc1,0
ID_5168,O=C(NCCCN1CCCC1=O)c1cc2[nH]c(=S)[n](c3ccc(OC)cc3)c(=O)c2cc1,0
ID_1444,O=C(NCCCN1CCCC(C)C1)C1CC(=O)N(C1)c1cc(Cl)c(F)cc1,0
ID_7945,O=C(NCCCN1C(C)CCCC1)C1CN(S(=O)(=O)c2ccc(C)cc2)CCC1,1
ID_5685,O=C(NCCCN1CCCCC1C)Nc1ccc(OC)cc1,0
ID_1456,O=C(NCC(C)CN1CCC(C)CC1)c1cc([n]c2c1cccc2)c1[n]cccc1,0
ID_1458,O=C(NCCCN1CCC(C)CC1)c1[n][nH]c(=O)c2c1cccc2,0
ID_10458,O=C(NCCCN1CCCCCC1)C1CC(=O)N(C1)C1CCCC1,0
ID_10459,O=C(NCCCN1CCCCCC1)C1CC(=O)N(C1)CCc1ccccc1,0
ID_10460,O=C(NCCCN1CCCCCC1)[C@H](C1CCCCC1)c1ccccc1,1
ID_10461,O=C(NCCCN1CCN(C2CCCCC2)CC1)Nc1c(C(F)(F)F)cccc1,0
ID_10462,O=C(NCCCN1CCN(Cc2ccccc2)CC1)C1CCN(S(=O)(=O)N2CCCC2)CC1,0
ID_10464,O=C(NCCCN1CCN(c2c(F)cccc2)CC1)C1N(C2CCCCC2)C(=O)CC1,0
ID_10463,O=C(NCCCN1CCN(c2cc(Cl)ccc2)CC1)C1N(Cc2c(Cl)cccc2)C(=O)CC1,0
ID_2048,CCCS(=O)(=O)N1CC(CCC1)C(=O)NCCCN1CCN(c2ccc(F)cc2)CC1,0
ID_2049,CCCS(=O)(=O)N1CC(CCC1)C(=O)NCCCN1CCN(c2cc(Cl)ccc2)CC1,0
ID_2050,CCCS(=O)(=O)N1CC(CCC1)C(=O)NCCCN1CCN(c2c(F)cccc2)CC1,0
ID_3022,CCS(=O)(=O)N1CCC(C(=O)NCCCN2CCN(c3c(F)cccc3)CC2)CC1,0
ID_7229,O=C(NCCCN1CCN(c2ccc(F)cc2)CC1)c1c(cc(=O)oc1C)C,0
ID_5859,O=C(NCCCN1CCN(c2ccc(C)cc2)CC1)c1cc(S(=O)(=O)N)ccc1OC,0
ID_8316,Clc1[n]cccc1c1oc(\C=C(\NC(=O)c2c(C)cccc2)/C(=O)NCCCN2CCN(C)CC2)cc1,1
ID_5997,O=C(NCCCN1CCN(C)CC1)C1CCCN(C1)c1sc2cc(OC)ccc2[n]1,0
ID_3812,O=C(NCCCN1CCN(C)CC1)C1CCN(c2sc([n]3cccc3)[n][n]2)CC1,0
ID_5717,O=C(NCCCN1CCN(C)CC1)c1cc(Nc2ccc(OC)cc2)[n]c2c1cccc2,0
ID_2321,CCN1CCN(CCCNC(=O)c2oc3[n]c4cc(OC)ccc4cc3c2)CC1,0
ID_1812,O=C(NCCCN1CCOCC1)C1CCN(S(=O)(=O)N(CCCC)CC)CC1,1
ID_8355,O=C(NCCCN1CCOCC1)c1c[nH]c2ccc(cc2c1=O)S(=O)(=O)Nc1c(C)cccc1,1
ID_10465,O=C(C1CC1)c1cc([nH]c1)C(=O)NCCCN1CCOCC1,0
ID_5985,O=C(NCCCN1CCOCC1)c1oc2[n]c3cc(OC)ccc3cc2c1,1
ID_7637,O=C(NCCCN1CCOCC1)c1cc(c(C)cc1)N1CCCC1=O,0
ID_5312,O=C(NCCCN1CCOCC1)c1cc(c(cc1)OC)OC,0
ID_10466,O=C(NCCCN1CCc2c(C1)cccc2)Nc1ccc(Cl)cc1,0
ID_1268,O=C(NCCCNC(=O)C1(C)CC1(Br)Br)C1(C)CC1(Br)Br,1
ID_837,CC(C)(CNC(=O)c1ccc(c(c1)Cl)N(=O)=O)CNC(=O)c1ccc(c(c1)Cl)N(=O)=O,1
ID_3678,O=C(NCCCN(CCCN(Cc1ccccc1)C)C)c1c[n]c(\C=N\O)cc1,0
ID_2047,CCCS(=O)(=O)N1CCCC(C1)C(=O)NCCCN(Cc1ccccc1)C(C)C,0
ID_2046,CCCS(=O)(=O)N1CCCC(C1)C(=O)NCCCN(C)Cc1ccccc1,0
ID_3679,O=C(NCCCN(C)Cc1ccccc1)c1c2[n]c3c(c(=O)[n]2ccc1)cccc3,1
ID_3677,O=C(NCCCN(C)c1ccccc1)C1N(Cc2c(Cl)cccc2)C(=O)CC1,1
ID_2257,O=C(NCCCN(c1cc(C)ccc1)CC)C1CCN(S(=O)(=O)CC)CC1,1
ID_5030,O=C(NCCCN(C)c1[n]c(N)c2c([n]1)cc(c(c2)OC)OC)[C@H]1OCCC1,0
ID_7904,Cc1ccc(OCC(CNC(=O)c2c(C(=O)O)cccc2)O)cc1,1
ID_10467,O=C(NCCCc1ccccc1)c1sccc1,0
ID_5248,O=C(NCCC[n]1cc[n]c1)\C(=C/c1sccc1)\NC(=O)c1cc(c(cc1)OC)OC,1
ID_10468,O=C(NCCC[n]1cc[n]c1)Nc1ccc(Cl)cc1,1
ID_8061,O=C(NCCC[n]1cc[n]c1)c1cc([n]c2ccc(C)cc12)c1ccccc1,1
ID_5942,O=C(NCCC[n]1cc[n]c1)c1sc2c(ccc(OC)c2Cl)c1Cl,1
ID_5217,O=C(NCCN1C(=O)/C(=C/c2ccc(OC)cc2)/SC1=O)C1CC(=O)N(C1)c1ccccc1,1
ID_2055,CCCS(=O)(=O)N1CC(C(=O)NCCN2CCC(Cc3ccccc3)CC2)CCC1,0
ID_10471,O=C(NCCN1CCCCC1)c1ccc(I)cc1,0
ID_10472,O=C(C(c1ccccc1)c1ccccc1)N1CCN(CCNC(=O)C(=O)Nc2ccccc2)CC1,0
ID_10473,O=C(NCCN1CCN(Cc2ccccc2)CC1)C1CC(=O)N(C1)C1CCCC1,0
ID_3023,CCS(=O)(=O)N1CCC(C(=O)NCCN2CCN(Cc3ccccc3)CC2)CC1,0
ID_10474,O=C(NCCN1CCN(Cc2ccccc2)CC1)C1C2N(CCc3c2cccc3)C(=O)c2c1cccc2,0
ID_5990,O=C(NCCN1CCN(c2c3cc(OC)ccc3ccc2)CC1)c1ccc(F)cc1,1
ID_5986,O=C(NCCN1CCN(c2c(F)cccc2)CC1)c1oc2[n]c3cc(OC)ccc3cc2c1,1
ID_7737,O=C(NCCN1CCOCC1)C1CC(=O)N(C1)CCc1ccc(C)cc1,0
ID_5388,O=C(NCCN1CCOCC1)C1CC(=NO1)c1ccc(OC)cc1,0
ID_6130,O=C(NCCN1CCOCC1)C1CC(=NO1)c1cc(OC)ccc1,0
ID_6220,O=C(NCCN1CCOCC1)c1c[nH]c2ccc(cc2c1=O)S(=O)(=O)Nc1cc(OC)ccc1,1
ID_7730,O=C(NCCN1CCOCC1)c1cc2NC(CC([n]2[n]1)C(F)(F)F)c1ccc(C)cc1,1
ID_10479,O=C(NCCN1CCOCC1)c1[n][n]2C(CC(Nc2c1Cl)c1ccccc1)C(F)(F)F,1
ID_10476,O=C(NCCN1CCOCC1)c1ccc2c(c1)cccc2,0
ID_6118,O=C(NCCN1CCOCC1)c1cc(OC)ccc1,0
ID_10475,O=C(NCCN1CCOCC1)c1c(cc(Cl)cc1)N(=O)=O,0
ID_10477,O=C(NCCN1CCOCC1)c1c(N(=O)=O)cccc1,0
ID_10478,O=C(NCCN1CCOCC1)c1c2c(sc1)CCCCC2,0
ID_2139,CCC[n]1[n]c(C(=O)NCC(N2CCOCC2)(C)C)c2c(c1=O)cccc2,1
ID_6712,O=C(NCCN1CCc2c(C1)cccc2)Nc1ccc(SC)cc1,0
ID_9426,N#Cc1c(OC[C@H](O)CNCCNC(=O)Nc2ccccc2)cccc1,0
ID_1036,O=C(NCCN(Cc1ccccc1)C(C)C)C1N(Cc2ccc(F)cc2)C(=O)CC1,0
ID_2054,CCCS(=O)(=O)N1CCCC(C1)C(=O)NCCN(Cc1ccccc1)C(C)C,0
ID_2053,CCCS(=O)(=O)N1CCCC(C1)C(=O)NCCN(C)Cc1ccccc1,0
ID_1037,O=C(NCCN(Cc1ccccc1)C(C)C)C1CCN(S(=O)(=O)N2CCOCC2)CC1,0
ID_6143,O=C(NCCNCc1cc(OC)ccc1)c1c(N)[n]o[n]1,0
ID_10480,O=C(NCCNS(=O)(=O)c1c(Cl)cccc1)c1cc(OCC(F)(F)F)ccc1OCC(F)(F)F,1
ID_7638,O=C(NCCNc1c(cc(Cl)cc1)N(=O)=O)c1oc(C)cc1,1
ID_7186,S=c1sc(c(C)[n]1C)NC(=O)OCCNC(=O)Nc1ccccc1,1
ID_8819,O=C(NCCOC(=O)c1sc(C(=O)OCCNC(=O)c2ccc[n]c2)cc1)c1ccc[n]c1,1
ID_10483,O=C(NCCOC12CC3CC(CC(C3)C1)C2)c1cc(Br)ccc1,0
ID_7910,O=C(NCCOc1ccc(c(c1)C)C)c1c(Cl)ccc([n]2c[n][n]c2)c1,1
ID_3198,CCc1ccc(OCCNC(=O)c2cc(SC)ccc2Cl)cc1,1
ID_8366,N#Cc1ccccc1Sc1c(C(=O)NCCOc2c(C)cccc2)cccc1,1
ID_7911,O=C(NCCOc1ccc(c(c1)C)C)c1cc(Br)c[n]c1,1
ID_3123,CC[N+](CC)(CCNC(=O)C(=O)NCC[N+](Cc1ccccc1Cl)(CC)CC)Cc1ccccc1Cl,0
ID_10485,O=C(NCCc1c[nH]c2c1cccc2)C1CCN(c2sc(N3CCCC3=O)[n][n]2)CC1,1
ID_10486,O=C(NCCc1c[nH]c2c1cccc2)[C@@H]1C[C@H]1[C@H](c1ccccc1)NP(=O)(c1ccccc1)c1ccccc1,1
ID_10487,O=C(NCCc1c[nH]c2c1cccc2)[C@H]1C[C@@H]1[C@@H](c1ccccc1)NP(=O)(c1ccccc1)c1ccccc1,1
ID_7106,O=C(NCCc1c2c([nH]c1C)c(C)ccc2)c1c(c2c(C(=O)c3c(C2=O)cccc3)cc1)N(=O)=O,1
ID_8765,O=C(NCCc1c[nH]c2c1cccc2)c1c([n]oc1C)c1ccccc1,1
ID_5981,O=C(NCCc1c(=O)[nH]c2c(ccc(OC)c2)c1)C1CC1,0
ID_5745,O=C(NCCc1cc2c([nH]c1=O)c(OC)ccc2OC)C1CCCCC1,1
ID_5748,O=C(NCCc1cc2c([nH]c1=O)c(OC)ccc2OC)c1ccc(S(=O)(=O)N2CCCC2)cc1,1
ID_5747,O=C(NCCc1cc2c([nH]c1=O)c(OC)ccc2OC)c1ccc(S(=O)(=O)N(C)C)cc1,0
ID_8054,O=C(NCCc1c(=O)[nH]c2c(ccc(C)c2)c1)c1oc(Br)cc1,1
ID_7618,Cc1ccc(C(=O)N/C(=C\c2ccc(N(=O)=O)cc2)/C(=O)NCCc2ccccc2)cc1,1
ID_10412,OC(=O)C(Cc1ccccc1)NC(=O)\C(=C/c1occc1)\NC(=O)c1ccc(Br)cc1,0
ID_2928,O=C(NCCc1cc(c(cc1)OCC)OCC)C1CC(=O)N(C1)C1CCCC1,1
ID_5444,O=C(NCCc1ccc(c(c1)OC)OC)C1CCCN(Cc2[n]c(oc2C)c2cc(Cl)ccc2)C1,1
ID_9736,NS(=O)(=O)c1ccc(CCNC(=O)C2CCCN2C(=O)OCc2ccccc2)cc1,1
ID_10488,O=C(NCCc1ccc(Cl)cc1)C1CCN(S(=O)(=O)N2CCC3(OCCO3)CC2)CC1,1
ID_5445,O=C(NCCc1cc(c(cc1)OC)OC)C1CCN(S(=O)(=O)N2CC(CC(C)C2)C)CC1,1
ID_5446,O=C(NCCc1cc(c(cc1)OC)OC)C1CCN(S(=O)(=O)c2c3c(ccc2)[n]s[n]3)CC1,1
ID_7344,O=C(NCCc1ccc(F)cc1)C1CCN(c2[n]c(cc(C)[n]2)C)CC1,0
ID_3024,CCS(=O)(=O)N1CCC(C(=O)NCCc2ccccc2)CC1,0
ID_2929,O=C(NCCc1cc(c(cc1)OCC)OCC)C1CCN(S(=O)(=O)CC)CC1,1
ID_10492,O=C(NCCc1ccccc1)N1c2ccccc2Sc2c1cccc2,1
ID_10489,O=C(NCCc1ccc(Cl)cc1)Nc1cc(ccc1)Cl,1
ID_5987,O=C(NCCc1cc(c(cc1)OC)OC)c1oc2[n]c3cc(ccc3cc2c1)OC,1
ID_5455,O=C(NCCc1cc(c(cc1)OC)OC)c1cc2[nH]c(=S)[n](Cc3occc3)c(=O)c2cc1,1
ID_2142,O=C(NCCc1ccc(C)cc1)c1cc2[n][n](CCC)c(OCC)c2cc1,1
ID_854,OC(=O)C(Oc1ccc(CCNC(=O)c2ccc(Cl)cc2)cc1)(C)C,0
ID_10491,O=C(NCCc1ccc(O)cc1)c1ccc(Cl)cc1,0
ID_1697,CCCCC(=O)Nc1cc(C(=O)NCCc2ccccc2)ccc1Cl,0
ID_5453,O=C(NCCc1ccc(OC)cc1)c1cc(oc1C)c1cc(cc(c1)Cl)Cl,1
ID_10490,O=C(NCCc1ccc(Cl)cc1)c1[nH]c[n][n]1,0
ID_10494,O=C(C1CCCCC1)c1cc([nH]c1)C(=O)NCCc1[n]cccc1,1
ID_3425,O=C(NCC(N(C)C)c1ccc[n]c1)NC1CCCCC1,1
ID_10495,O=C(NCCc1sccc1)C1CC(=NO1)c1c(Cl)cccc1Cl,0
ID_3279,CC[n]1c(CCNC(=O)c2c(Cl)cccc2)[n][nH]c1=S,0
ID_3278,CC[n]1c(CCNC(=O)c2c(cc(Cl)cc2)Cl)[n][nH]c1=S,1
ID_8981,O=C(NCCc1[n]c2[n](c(=O)[n](c(=O)c2[nH]1)C)C)c1ccccc1,0
ID_7489,O=C(NCC[n]1c(C)cc2c1cccc2)C1CCCC1,1
ID_7490,O=C(NCC[n]1c(C)cc2c1cccc2)c1ccccc1,1
ID_1232,O=C(NC(C)N1C(=O)C2C(C1=O)C1CC2C=C1)OC1CCCCC1,1
ID_10413,O=C(NC(N1CCCC1)C(Cl)(Cl)Cl)c1ccccc1,0
ID_8106,N#Cc1c(N2CCN(CNC(=O)c3cc(C)ccc3)CC2)cccc1,0
ID_10496,O=C1[C@H](NC(=O)NCNC(=O)N[C@@H]2N(CO)C(=O)NC2=O)N(CO)C(=O)N1,0
ID_10415,O=C(c1cc(Cl)ccc1)NC(C(Cl)(Cl)Cl)NC(=S)Nc1ccccc1,1
ID_10414,O=C(c1occc1)NC(C(Cl)(Cl)Cl)NC(=S)Nc1cc(Cl)ccc1Cl,1
ID_8583,O=C(OCC[n]1c(C)[n]cc1N(=O)=O)NC(NCc1ccccc1)C(Cl)(Cl)Cl,1
ID_10416,O=C(NC(NCc1ccccc1)C(Cl)(Cl)Cl)c1c[n]ccc1,1
ID_4074,Fc1c(C(=O)NC(NNc2ccccc2)(C(=O)OC)C(F)(F)F)cccc1,1
ID_8232,O=C(NC(Nc1cc(C)ccc1)C(Cl)(Cl)Cl)c1c[n]ccc1,1
ID_4073,Fc1ccc(C(=O)NC(Nc2[n]cc(s2)S(=O)(=O)c2ccc(N(=O)=O)cc2)(C(=O)OC)C(F)(F)F)cc1,1
ID_4072,Clc1ccc(C(=O)NC(Nc2scc(C)[n]2)(C(=O)OC)C(F)(F)F)cc1,1
ID_10499,O=C(NC[C@H]1NCCCC1)c1cc(OCC(F)(F)F)ccc1OCC(F)(F)F,0
ID_2079,CCC[C@H]1C[C@@H](N(C)C1)C(=O)N[C@@H]([C@H]1O[C@@H](SC)[C@H]([C@H]([C@@H]1O)O)O)[C@@H](Cl)C,0
ID_2313,CCN1CCC[C@H]1CNC(=O)c1c(O)c(cc(c1OC)Cl)Cl,0
ID_1953,O=C(NC[C@H]1OCCC1)c1ccc2c(c1)[n][n](c2OCC)CCCC,0
ID_10500,O=C(NC[C@@H]1NCCCC1)c1cc(OCC(F)(F)F)ccc1OCC(F)(F)F,0
ID_2078,CCC[C@H]1C[C@@H](N(C)C1)C(=O)N[C@@H]([C@@H](O)C)[C@@H]1O[C@H](SC)[C@H]([C@@H]([C@@H]1O)O)O,0
ID_1831,N#Cc1cc(c(OC)c2c1cccc2)C(=O)NC[C@H]1CCCN1CCCC,1
ID_2312,CCN1CCC[C@@H]1CNC(=O)c1cc(S(=O)(=O)N)ccc1OC,0
ID_2191,O=C(NC1CCCCC1)N(Cc1cc2ccc(c(c2[nH]c1=O)C)C)CCCN(CC)CC,1
ID_7364,O=C(NCc1cc(C)[n](C)[n]1)[C@@H]1C[C@H]1[C@H](c1ccccc1)NP(=O)(c1ccccc1)c1ccccc1,1
ID_6958,O=C(N[C@@H](C)c1ccc(c2ccccc2)cc1)c1cc(c(Cl)cc1)Cl,0
ID_5314,O=C(NCc1ccc(c2sc3c([n]2)cccc3)cc1)c1ccc(OC)cc1,1
ID_7639,Cc1ccc(C(=O)NCc2ccc(N3CCN(C(=O)OC(C)(C)C)CC3)cc2)cc1,0
ID_8318,O=C(NC(C)c1cc2c(cc1)CCCC2)c1c(C)cccc1,0
ID_10504,O=C(NCc1ccc2c(c1)OCO2)C1CC(=O)N(C1)C1CCCC1,1
ID_10505,O=C(NCc1cc2c(cc1)OCO2)C1CC(=NO1)c1cc(Br)ccc1,1
ID_6496,COc1c(NC(=O)N2CCCC2C(=O)NCc2cc3c(cc2)OCO3)cccc1,1
ID_11478,O=C(NCc1cc2c(cc1)OCO2)C1(O)N(c2cc(c(cc2)Cl)Cl)C(=O)Nc2c1cccc2,1
ID_8503,O=C(NCc1cc2c(cc1)OCO2)c1c[nH][n]2c1[n]c(C)c(Cc1c(F)cccc1)c2=O,1
ID_10506,O=C(NCc1cc2c(cc1)OCO2)c1cc(o[n]1)c1c(cc(Cl)cc1)Cl,1
ID_5988,O=C(NCc1ccc2c(c1)OCO2)c1oc2[n]c3c(cc2c1)ccc(OC)c3,1
ID_2839,O=C(NCc1ccc2c(c1)OCO2)c1ccc2c([n][n](CC)c2OCC)c1,0
ID_2840,CCOc1c2c([n][n]1CCOC)cc(C(=O)NCc1ccc3c(c1)OCO3)cc2,0
ID_2146,O=C(NCc1ccc2c(c1)OCO2)c1ccc2c([n][n](c2OCC)CCC)c1,0
ID_3128,CCc1c(c(C)[nH]c1C(=O)NCc1ccc2c(c1)OCO2)C(=O)C,1
ID_310,C=CC[C@H]1O[C@@H](COC(=O)NCc2c3c(ccc2)cccc3)[C@@H](Oc2ccc(C)cc2)C=C1,1
ID_5780,O=C(OC[C@@H]1O[C@H](c2ccccc2)C=C[C@@H]1Oc1ccc(OC)cc1)NCc1c2c(ccc1)cccc2,0
ID_10508,O=C(NCc1c2c(ccc1)cccc2)[C@H]1C[C@@H]1[C@@H](c1ccccc1)NP(=O)(c1ccccc1)c1ccccc1,1
ID_8328,Cc1c(C(N(Cc2occc2)C(=O)c2[n]cccc2)C(=O)NCc2ccccc2)cccc1,1
ID_10509,Fc1ccc(C(N(Cc2occc2)C(=O)c2[n]cccc2)C(=O)NCc2ccccc2)cc1,1
ID_5479,Cc1ccc(C(N(Cc2sccc2)C(=O)c2cc3c(cc2)OCCO3)C(=O)NCc2ccc(OC)cc2)cc1,1
ID_5368,COc1ccc(C(N(Cc2sccc2)C(=O)c2[n]cc[n]c2)C(=O)NCc2ccccc2)cc1,1
ID_10503,Fc1ccc(CNC(=O)C(N(C2CC2)C(=O)c2[n][n]sc2)c2cc[n]cc2)cc1,1
ID_10511,O=C(NCc1ccccc1)C(N(C1CC1)C(=O)c1[n][n]sc1)c1cc[n]cc1,1
ID_10512,O=C(NCc1ccccc1)C12ON=C(c3cc(N(=O)=O)ccc3)C1CN(Cc1ccccc1)C2,1
ID_5440,O=C(NCc1ccccc1)C1C2C(=O)N(CC23C=CC1O3)CCc1cc(c(OC)cc1)OC,1
ID_2947,CCOc1ccc(N2CC(CC2=O)C(=O)NCc2cc(C)ccc2)cc1,1
ID_7744,O=C(NCc1ccc(C)cc1)C1CC(=NO1)c1c(N(=O)=O)cccc1,0
ID_10520,O=C(NCc1c(C(F)(F)F)cccc1)C1CC(=NO1)c1c(N(=O)=O)cccc1,1
ID_5481,O=C(NCc1ccc(OC)cc1)C1CC(=NO1)c1cc(N(=O)=O)ccc1,1
ID_1599,CCC(NC(=O)C1(C)CC1(Br)Br)c1ccc(C)cc1,1
ID_7746,O=C(NCc1ccc(C)cc1)C1N(C2CCCCC2)C(=O)CC1,1
ID_5482,Cc1cc2N(C(=O)N3CCC(C(=O)NCc4ccc(OC)cc4)CC3)CCOc2cc1,1
ID_10521,O=C(NCc1c(Cl)cccc1)C1CCN(S(=O)(=O)N2CCC3(OCCO3)CC2)CC1,1
ID_6141,O=C(NCc1cc(OC)ccc1)C1CCN(S(=O)(=O)N2CCCCC2)CC1,1
ID_6406,O=C(NCc1c(OC)cccc1)C1CCN(S(=O)(=O)N2CC(CC(C)C2)C)CC1,1
ID_3026,CCS(=O)(=O)N1CCC(C(=O)NCc2c(OC)cccc2)CC1,0
ID_2223,O=C(NCc1ccc(C)cc1)C1CCN(S(=O)(=O)N(CC)CC)CC1,1
ID_3025,CCS(=O)(=O)N1CCC(C(=O)NCc2c(Cl)cc(F)cc2)CC1,0
ID_7495,O=C(NCc1ccccc1)N1CCCC(C1)c1[n]c2c([nH]1)cc(c(c2)C)C,1
ID_207,O=C(NC(c1cc(C(=C)C)ccc1)(C)C)N1CCN(C\C=C\c2ccccc2)CC1,0
ID_10692,O=C(Nc1ccccc1)N(CC(O)C(F)(F)F)Cc1ccccc1,0
ID_208,O=C(NC(c1cc(C(=C)C)ccc1)(C)C)Nc1c(OC)ccc(C)c1,1
ID_7780,O=C(NCc1ccccc1)Nc1c(=O)[n](Cc2ccc(C)cc2)ccc1,0
ID_5485,O=C(NCc1cc(c(cc1)OC)OC)Nc1sccc1,1
ID_1614,Fc1ccc(OC(=O)NC(\C(=C\CCC)\CCC)c2ccc(C(=O)OC)cc2)cc1,0
ID_2974,CCOc1ccc(OC(=O)NC(c2ccccc2)C(Cl)(Cl)Cl)cc1,1
ID_1681,CCCC/C=C/C(NC(=O)Oc1cc(C(F)(F)F)ccc1)c1ccccc1,1
ID_6682,O=C(NCc1ccc(S(=O)(=O)C)cc1)[C@@H]1C[C@H]1[C@H](c1ccccc1)NP(=O)(c1ccccc1)c1ccccc1,1
ID_10513,O=C(NCc1ccccc1)[C@@H]1C[C@H]1[C@H](c1ccccc1)NP(=O)(c1ccccc1)c1ccccc1,1
ID_10514,O=C(NCc1ccccc1)[C@H]1C[C@@H]1[C@@H](c1ccccc1)NP(=O)(c1ccccc1)c1ccccc1,1
ID_6683,O=C(NCc1ccc(S(=O)(=O)C)cc1)[C@H]1C[C@@H]1[C@@H](c1ccccc1)NP(=O)(c1ccccc1)c1ccccc1,1
ID_7759,O=C(NCc1c(c(c(C)cc1)F)F)[C@H]1C[C@@H]1[C@H](NP(=O)(c1ccccc1)c1ccccc1)c1ccccc1,1
ID_5488,O=C(NCc1cc(c(cc1)OC)OC)[C@H]1C[C@@H]1[C@@H](c1ccccc1)NP(=O)(c1ccccc1)c1ccccc1,1
ID_3094,CC[C@H](NC(=O)c1c2c([n]c(c3ccccc3)c1C)cccc2)c1ccccc1,1
ID_2136,CCC[n]1c2c(c(O)c(C(=O)NCc3ccccc3)c1=O)CCCC2,1
ID_6410,O=C(NCc1c(OC)cccc1)c1sc2c(c1)c(C)[n][n]2Cc1ccc(F)cc1,1
ID_1682,CCCC/C=C/C(NC(=O)c1ccc(c2ccccc2)cc1)c1ccccc1,0
ID_7230,O=C(NCc1ccccc1)c1c(oc(=O)cc1C)C,0
ID_1235,O=C(NC(C)c1ccccc1)c1oc(C[n]2[n]cc(c2)N(=O)=O)cc1,1
ID_10515,O=C(NCc1ccccc1)c1ccc(S(=O)(=O)N2CCCc3c2cccc3)cc1,1
ID_2147,O=C(NCc1ccccc1)c1cc2[n][n](c(OCC)c2cc1)CCC,0
ID_2835,O=C(NCc1ccc(C)cc1)c1cc2[n][n](CC)c(OCC)c2cc1,0
ID_2143,CCC[n]1[n]c2cc(C(=O)NCc3ccc(C)cc3)ccc2c1OC,1
ID_1954,O=C(NCc1c(cc(cc1)C(F)(F)F)C(F)(F)F)c1cc2[n][n](c(OCC)c2cc1)CCCC,1
ID_2144,O=C(NCc1ccc(C)cc1)c1cc2[n][n](c(OCC)c2cc1)CCC,0
ID_2834,CCOc1c2ccc(cc2[n][n]1C)C(=O)NCc1cc(cc(c1)C(F)(F)F)C(F)(F)F,1
ID_2838,CCOc1c2ccc(cc2[n][n]1CCOC)C(=O)NCc1ccc(OC)cc1,1
ID_2836,CCOc1c2ccc(cc2[n][n]1C)C(=O)NCc1ccc(OC(F)(F)F)cc1,0
ID_279,C=CCOc1c2ccc(cc2[n][n]1C)C(=O)NCc1c(OC)cccc1,0
ID_2837,O=C(NCc1ccc(OC(F)(F)F)cc1)c1cc2[n][n](CC)c(OCC)c2cc1,0
ID_2148,O=C(NCc1c(OC)cccc1)c1cc2[n][n](c(OCC)c2cc1)CCC,0
ID_10516,O=C(NCc1ccccc1)c1cccc(COc2cc(Cl)ccc2)c1,0
ID_1356,O=C(NCc1ccccc1)c1cc(N2C(=O)NC3CC2(C)Oc2c3cccc2)ccc1,0
ID_11086,OC(=O)c1c(C(=O)NCc2ccc(F)cc2)cccc1,0
ID_801,O=C(NCc1ccc(Cl)cc1)c1ccc(C(C)(C)C)cc1,0
ID_1616,O=C(NC(\C(=C\CCC)\CCC)c1ccccc1)c1ccc(C(F)(F)F)cc1,1
ID_1115,O=C(NC(P(=O)(OC(C)C)OC(C)C)c1ccccc1)c1ccc(Br)cc1,1
ID_4888,O=C(NC(C)c1c(Br)cc(c(c1)OC)OC)c1cc(Br)ccc1,1
ID_10507,O=C(NCc1cc(C(F)(F)F)ccc1)c1cc(cc(c1)Cl)Cl,1
ID_1617,COC(=O)c1ccc(C(NC(=O)c2ccccc2)\C(=C\CCC)\CCC)cc1,1
ID_1618,O=C(NC(\C(=C\CCC)\CCC)c1ccccc1)c1ccccc1,1
ID_1683,CCCC/C=C/C(NC(=O)c1ccc(C(=O)OC)cc1)c1ccccc1,0
ID_4897,O=C(NCc1ccc(OCCN(C)C)cc1)c1cc(c(OC)c(c1)OC)OC,0
ID_1684,CCCC/C=C/C(NC(=O)c1ccccc1)c1ccccc1,1
ID_10501,O=C(NCc1ccc(Cl)cc1)c1c(cc(cc1)Cl)N(=O)=O,1
ID_5303,O=C(NC(C)c1c(Br)cc(c(c1)OC)OC)c1ccc(OC)cc1,1
ID_1615,O=C(NC(\C(=C\CCC)\CCC)c1ccc(C(=O)OC)cc1)c1ccc(C(=O)OC)cc1,1
